0,"https://images-na.ssl-images-amazon.com/images/I/51g53yt8DsL._SX322_BO1,204,203,200_.jpg"
1,"https://images-na.ssl-images-amazon.com/images/I/4122lHLSNhL._SX320_BO1,204,203,200_.jpg"
2,"https://images-na.ssl-images-amazon.com/images/I/41yIjXpJ8EL._SX315_BO1,204,203,200_.jpg"
3,"https://images-na.ssl-images-amazon.com/images/I/51vWDZRDcxL._SX331_BO1,204,203,200_.jpg"
4,"https://images-na.ssl-images-amazon.com/images/I/41QGAH9PiPL._SX325_BO1,204,203,200_.jpg"
5,"https://images-na.ssl-images-amazon.com/images/I/61A2RgoFKEL._SX328_BO1,204,203,200_.jpg"
6,"https://images-na.ssl-images-amazon.com/images/I/41hXjnjLY5L._SX324_BO1,204,203,200_.jpg"
7,"https://images-na.ssl-images-amazon.com/images/I/41ShsekMg3L._SX333_BO1,204,203,200_.jpg"
8,"https://images-na.ssl-images-amazon.com/images/I/515d2bLBBiL._SX312_BO1,204,203,200_.jpg"
9,"https://images-na.ssl-images-amazon.com/images/I/51gwwTNzgFL._SX379_BO1,204,203,200_.jpg"
10,"https://images-na.ssl-images-amazon.com/images/I/41TaOxq7HyL._SX313_BO1,204,203,200_.jpg"
11,"https://images-na.ssl-images-amazon.com/images/I/41zTTjCvhfL._SX331_BO1,204,203,200_.jpg"
12,"https://images-na.ssl-images-amazon.com/images/I/51F0O018iaL._SX329_BO1,204,203,200_.jpg"
13,"https://images-na.ssl-images-amazon.com/images/I/51ueVxbRimL._SX329_BO1,204,203,200_.jpg"
14,"https://images-na.ssl-images-amazon.com/images/I/413FmHHdSjL._SX331_BO1,204,203,200_.jpg"
15,"https://images-na.ssl-images-amazon.com/images/I/516vSqbRg3L._SX330_BO1,204,203,200_.jpg"
16,"https://images-na.ssl-images-amazon.com/images/I/41Xs9fE6lKL._SX349_BO1,204,203,200_.jpg"
17,"https://m.media-amazon.com/images/I/817wRq2JXML._AC_UY436_FMwebp_QL65_.jpg"
18,"https://m.media-amazon.com/images/I/71HKsJP-u0L._AC_UL640_FMwebp_QL65_.jpg"
19,"https://m.media-amazon.com/images/I/61M3CQI4GUL._AC_UY436_FMwebp_QL65_.jpg"
20,"https://images-na.ssl-images-amazon.com/images/I/41ylWPe9KwL._SX386_BO1,204,203,200_.jpg"
21,"http://books.google.com/books/content?id=xffIBAAAQBAJ&printsec=frontcover&img=1&zoom=1&edge=curl&source=gbs_api"
22,"https://m.media-amazon.com/images/I/91qx6iu-igL._AC_UY436_FMwebp_QL65_.jpg"
23,"https://m.media-amazon.com/images/I/61CQZnd1cTL._AC_UY436_FMwebp_QL65_.jpg"
24,"https://images-na.ssl-images-amazon.com/images/I/41OXcSAqc+L._SX385_BO1,204,203,200_.jpg"
25,"https://images-na.ssl-images-amazon.com/images/I/41-5RI7rgeL._SX390_BO1,204,203,200_.jpg"
26,"https://m.media-amazon.com/images/I/81zpLhP1gWL._AC_UY436_FMwebp_QL65_.jpg"
27,"https://m.media-amazon.com/images/I/71-7y9qCbUL._AC_UY436_FMwebp_QL65_.jpg"
28,"https://m.media-amazon.com/images/I/81qdwN4xBbL._AC_UL640_FMwebp_QL65_.jpg"
29,"http://books.google.com/books/content?id=o4ZPYgEACAAJ&printsec=frontcover&img=1&zoom=1&source=gbs_api"
30,"http://books.google.com/books/content?id=YmNHDwAAQBAJ&printsec=frontcover&img=1&zoom=1&edge=curl&source=gbs_api"
31,"https://m.media-amazon.com/images/I/71D-kj0Be2L._AC_UY436_FMwebp_QL65_.jpg"
32,"http://books.google.com/books/content?id=W043DQAAQBAJ&printsec=frontcover&img=1&zoom=1&edge=curl&source=gbs_api"
33,"https://m.media-amazon.com/images/I/61QqZhR2m1L._AC_UY436_FMwebp_QL65_.jpg"
34,"https://images-na.ssl-images-amazon.com/images/I/41Yhv7Y52bL._SX350_BO1,204,203,200_.jpg"
35,"https://m.media-amazon.com/images/I/61g7W74kDrL._AC_UY436_FMwebp_QL65_.jpg"
36,"http://books.google.com/books/content?id=GAJXMAEACAAJ&printsec=frontcover&img=1&zoom=1&source=gbs_api"
37,"https://m.media-amazon.com/images/I/51gzXXtwjmL._AC_UL872_FMwebp_QL65_.jpg"
38,"https://images-na.ssl-images-amazon.com/images/I/51SmQpFl2gL._SX331_BO1,204,203,200_.jpg"
39,"https://images-na.ssl-images-amazon.com/images/I/31qkqfnbf0L._SX352_BO1,204,203,200_.jpg"
40,"http://books.google.com/books/content?id=rNrIy5mteo0C&printsec=frontcover&img=1&zoom=1&edge=curl&source=gbs_api"
41,"https://m.media-amazon.com/images/I/11BW80CDQRL._AC_UY218_ML3_.jpg"
42,"http://books.google.com/books/content?id=0XBxpwAACAAJ&printsec=frontcover&img=1&zoom=1&source=gbs_api"
43,"https://m.media-amazon.com/images/I/81LZn9bXLmL._AC_UY436_FMwebp_QL65_.jpg"
44,"https://images-na.ssl-images-amazon.com/images/I/41tzcmt86YL._SX331_BO1,204,203,200_.jpg"
45,"https://m.media-amazon.com/images/I/61lTawDITfL._AC_UY436_FMwebp_QL65_.jpg"
46,"https://images-na.ssl-images-amazon.com/images/I/51GEGreB9RL._SX332_BO1,204,203,200_.jpg"
47,"http://books.google.com/books/content?id=w9Q5BAAAQBAJ&printsec=frontcover&img=1&zoom=1&edge=curl&source=gbs_api"
48,"https://m.media-amazon.com/images/I/51oYH9v4E8L._AC_UY436_FMwebp_QL65_.jpg"
49,"http://books.google.com/books/content?id=7ZesAQAAQBAJ&printsec=frontcover&img=1&zoom=1&edge=curl&source=gbs_api"
50,"https://m.media-amazon.com/images/I/41VLMNu8uWL._AC_UY436_FMwebp_QL65_.jpg"
51,"https://m.media-amazon.com/images/I/31UDi6AbF1L._AC_UY436_FMwebp_QL65_.jpg"
52,"http://books.google.com/books/content?id=w1ADDQAAQBAJ&printsec=frontcover&img=1&zoom=1&source=gbs_api"
53,"https://m.media-amazon.com/images/I/51cmg22cm7L._AC_UY436_FMwebp_QL65_.jpg"
54,"http://books.google.com/books/content?id=yuM68Q8WJUIC&printsec=frontcover&img=1&zoom=1&edge=curl&source=gbs_api"
55,"https://m.media-amazon.com/images/I/51pnouuPO5L._AC_UL872_FMwebp_QL65_.jpg"
56,"http://books.google.com/books/content?id=pwGsZZBBlLAC&printsec=frontcover&img=1&zoom=1&edge=curl&source=gbs_api"
57,"http://books.google.com/books/content?id=c-RAUXk3gbkC&printsec=frontcover&img=1&zoom=1&edge=curl&source=gbs_api"
58,"https://m.media-amazon.com/images/I/41mlnszB8+L._AC_UL872_FMwebp_QL65_.jpg"
59,"https://m.media-amazon.com/images/I/51iLNw7vS9L._AC_UY436_FMwebp_QL65_.jpg"
60,"https://m.media-amazon.com/images/I/61sNbGyDHNL._AC_UY436_FMwebp_QL65_.jpg"
61,"https://m.media-amazon.com/images/I/51zL+rDpchL._AC_UY436_FMwebp_QL65_.jpg"
62,"https://m.media-amazon.com/images/I/51hRXL2pprL._AC_UY436_FMwebp_QL65_.jpg"
63,"https://m.media-amazon.com/images/I/71voNrL5h9L._AC_UY436_FMwebp_QL65_.jpg"
64,"https://images-na.ssl-images-amazon.com/images/I/21RA2-qTqvL._SX331_BO1,204,203,200_.jpg"
65,"http://books.google.com/books/content?id=aKRGDwAAQBAJ&printsec=frontcover&img=1&zoom=1&edge=curl&source=gbs_api"
66,"http://books.google.com/books/content?id=WGnEDQAAQBAJ&printsec=frontcover&img=1&zoom=1&edge=curl&source=gbs_api"
67,"http://books.google.com/books/content?id=LC0cG-vFJbcC&printsec=frontcover&img=1&zoom=1&edge=curl&source=gbs_api"
68,"https://m.media-amazon.com/images/I/81WZ-4AbzkL._AC_UL872_FMwebp_QL65_.jpg"
69,"https://m.media-amazon.com/images/I/61Bti8wErcL._AC_UY436_FMwebp_QL65_.jpg"
70,"http://books.google.com/books/content?id=yODWdMUhkFwC&printsec=frontcover&img=1&zoom=1&edge=curl&source=gbs_api"
71,"https://m.media-amazon.com/images/I/91Fdbxa3PML._AC_UY436_FMwebp_QL65_.jpg"
72,"https://m.media-amazon.com/images/I/41TocvgDMkL._AC_UY436_FMwebp_QL65_.jpg"
73,"https://m.media-amazon.com/images/I/41d+MQ+WOsL._AC_UY436_FMwebp_QL65_.jpg"
74,"https://m.media-amazon.com/images/I/71uMZuRUIgL._AC_UY436_FMwebp_QL65_.jpg"
75,"https://m.media-amazon.com/images/I/91iGakEgMfL._AC_UL872_FMwebp_QL65_.jpg"
76,"https://m.media-amazon.com/images/I/51loNKt4HqL._AC_UL872_FMwebp_QL65_.jpg"
77,"http://books.google.com/books/content?id=LZ1ZXwAACAAJ&printsec=frontcover&img=1&zoom=1&source=gbs_api"
78,"https://m.media-amazon.com/images/I/71wE+2WB-VL._AC_UY436_FMwebp_QL65_.jpg"
79,"https://m.media-amazon.com/images/I/817G26--leL._AC_UY436_FMwebp_QL65_.jpg"
80,"https://m.media-amazon.com/images/I/414sChxhEGL._AC_UL872_FMwebp_QL65_.jpg"
81,"https://images-na.ssl-images-amazon.com/images/I/51vlUPOR9RL._SX422_BO1,204,203,200_.jpg"
82,"https://m.media-amazon.com/images/I/81uolgshWbL._AC_UY436_FMwebp_QL65_.jpg"
83,"https://m.media-amazon.com/images/I/91G07VaMIHL._AC_UY436_FMwebp_QL65_.jpg"
84,"https://m.media-amazon.com/images/I/71jl356NPJL._AC_UY436_FMwebp_QL65_.jpg"
85,"https://images-na.ssl-images-amazon.com/images/I/41TvLiWjCQL._SX331_BO1,204,203,200_.jpg"
86,"https://m.media-amazon.com/images/I/719AQX89psL._AC_UY436_FMwebp_QL65_.jpg"
87,"https://m.media-amazon.com/images/I/61yj-63LMeL._AC_UY436_FMwebp_QL65_.jpg"
88,"https://images-na.ssl-images-amazon.com/images/I/51kisbhcw5L._SX399_BO1,204,203,200_.jpg"
89,"https://m.media-amazon.com/images/I/81D9HiswKOL._AC_UY436_FMwebp_QL65_.jpg"
90,"https://m.media-amazon.com/images/I/41JxeDZuLEL._AC_UY436_FMwebp_QL65_.jpg"
91,"https://images-na.ssl-images-amazon.com/images/I/41cl4O%2BNf-L._SX399_BO1,204,203,200_.jpg"
92,"https://m.media-amazon.com/images/I/41KN6GizLTL._AC_UY436_FMwebp_QL65_.jpg"
93,"https://images-na.ssl-images-amazon.com/images/I/51FfWr3tc9L._SX389_BO1,204,203,200_.jpg"
94,""
95,"https://m.media-amazon.com/images/I/71ETp82OgDL._AC_UY436_FMwebp_QL65_.jpg"
96,"https://m.media-amazon.com/images/I/61+rGIhZm4L._AC_UY436_FMwebp_QL65_.jpg"
97,"https://m.media-amazon.com/images/I/51ui4djJ6VL._AC_UY436_FMwebp_QL65_.jpg"
98,"https://m.media-amazon.com/images/I/813gE6m6XwL._AC_UL872_FMwebp_QL65_.jpg"
99,"https://m.media-amazon.com/images/I/41jdjijYb7L._AC_UY436_FMwebp_QL65_.jpg"
100,"https://edoc.ub.uni-muenchen.de/18080/1.haspreviewThumbnailVersion/Loehmann_Sebastian.pdf"
101,"https://images-na.ssl-images-amazon.com/images/I/51VHoXD2WXL._SX324_BO1,204,203,200_.jpg"
102,"http://books.google.com/books/content?id=reByw3FWVWsC&printsec=frontcover&img=1&zoom=1&source=gbs_api"
103,"https://images-na.ssl-images-amazon.com/images/I/71PjAM6LNEL.jpg"
104,"https://images-na.ssl-images-amazon.com/images/I/51Onz%2B2T5DL._SX328_BO1,204,203,200_.jpg"
105,"https://images-na.ssl-images-amazon.com/images/I/41r1XmaFCLL._SX323_BO1,204,203,200_.jpg"
106,"https://images-na.ssl-images-amazon.com/images/I/61dNxLpSVgL._SX490_BO1,204,203,200_.jpg"
107,"https://images.gr-assets.com/books/1465617915l/27774706.jpg"
108,"http://books.google.com/books/content?id=nGYyDwAAQBAJ&printsec=frontcover&img=1&zoom=1&edge=curl&source=gbs_api"
109,"http://books.google.com/books/content?id=cFU3DwAAQBAJ&printsec=frontcover&img=1&zoom=1&edge=curl&source=gbs_api"
110,"http://books.google.com/books/content?id=c12idXqsE5cC&printsec=frontcover&img=1&zoom=1&edge=curl&source=gbs_api"
111,"https://m.media-amazon.com/images/I/71h80Dhib4L._AC_UL872_FMwebp_QL65_.jpg"
112,"https://m.media-amazon.com/images/I/41c2VAqzs4L._AC_UL872_FMwebp_QL65_.jpg"
113,"https://images-na.ssl-images-amazon.com/images/I/51v8yUbPufL._SX317_BO1,204,203,200_.jpg"
114,"https://m.media-amazon.com/images/I/71db66ZoJdL._AC_UY436_FMwebp_QL65_.jpg"
115,"https://images-na.ssl-images-amazon.com/images/I/31rs3OVNKQL._SX331_BO1,204,203,200_.jpg"
116,"https://images-na.ssl-images-amazon.com/images/I/41dLSeFWgcL._SX308_BO1,204,203,200_.jpg"
117,"-"
118,"https://images-na.ssl-images-amazon.com/images/I/41JSDA7QX1L._SX346_BO1,204,203,200_.jpg"
119,"https://m.media-amazon.com/images/I/61n1aE6FpwL._AC_UY436_FMwebp_QL65_.jpg"
120,"https://m.media-amazon.com/images/I/41rxKyRRzPL._AC_UY436_FMwebp_QL65_.jpg"
121,"https://images-na.ssl-images-amazon.com/images/I/41-p%2B-do6tL._SX319_BO1,204,203,200_.jpg"
122,"https://images-na.ssl-images-amazon.com/images/I/41DfXm-2N3L._SX351_BO1,204,203,200_.jpg"
123,"https://images-na.ssl-images-amazon.com/images/I/41ez7JxBduL._SX296_BO1,204,203,200_.jpg"
124,"https://images-na.ssl-images-amazon.com/images/I/41DjtNO-eeL._SX323_BO1,204,203,200_.jpg"
125,"https://images-na.ssl-images-amazon.com/images/I/31b46kWndPL._SX310_BO1,204,203,200_.jpg"
126,"https://images-na.ssl-images-amazon.com/images/I/519sKHyF-HL._SX402_BO1,204,203,200_.jpg"
127,"https://images-eu.ssl-images-amazon.com/images/I/41CswBQSGqL.jpg"
128,"https://images-na.ssl-images-amazon.com/images/I/51WQPGZaRgL._SX328_BO1,204,203,200_.jpg"
129,"https://images-na.ssl-images-amazon.com/images/I/51XqPmTMfFL._SX326_BO1,204,203,200_.jpg"
130,"https://m.media-amazon.com/images/I/61NETRuBroL._AC_UY436_FMwebp_QL65_.jpg"
131,"https://m.media-amazon.com/images/I/41q5rzssUVL._AC_UY436_FMwebp_QL65_.jpg"
132,"https://m.media-amazon.com/images/I/81-QB7nDh4L._AC_UY436_FMwebp_QL65_.jpg"
133,"https://m.media-amazon.com/images/I/71385MbgcSL._AC_UY436_FMwebp_QL65_.jpg"
134,"https://m.media-amazon.com/images/I/81sD2yDGXNL._AC_UY436_FMwebp_QL65_.jpg"
135,"https://images-na.ssl-images-amazon.com/images/I/51xJjTM6VGL._SX258_BO1,204,203,200_.jpg"
136,"https://m.media-amazon.com/images/I/516qy8xvO7L._AC_UL640_FMwebp_QL65_.jpg"
137,"https://m.media-amazon.com/images/I/61scyA8+geL._AC_UY436_FMwebp_QL65_.jpg"
138,"https://images-eu.ssl-images-amazon.com/images/I/41IjhKQQDBL._SY346_.jpg"
139,"https://images-na.ssl-images-amazon.com/images/I/41vzQ8JHcxL._SX383_BO1,204,203,200_.jpg"
140,"http://files.hanser.de/ARTK/9783446450523/P01/0/1975/0/jpg/100"
141,"https://images-na.ssl-images-amazon.com/images/I/41N%2BIRkwegL._SX312_BO1,204,203,200_.jpg"
142,"https://images-na.ssl-images-amazon.com/images/I/51z0o0DeYNL._SX403_BO1,204,203,200_.jpg"
143,"https://images-na.ssl-images-amazon.com/images/I/51jcZmljSlL._SX332_BO1,204,203,200_.jpg"
144,"https://images-na.ssl-images-amazon.com/images/I/51SRpKlXjSL._SX351_BO1,204,203,200_.jpg"
145,"https://images-na.ssl-images-amazon.com/images/I/81DyWSAcRYL.jpg"
146,"https://images-na.ssl-images-amazon.com/images/I/41jdjijYb7L._SX324_BO1,204,203,200_.jpg"
147,"https://images-na.ssl-images-amazon.com/images/I/41QtXE7JyGL._SX330_BO1,204,203,200_.jpg"
148,"https://images-na.ssl-images-amazon.com/images/I/414kia7-RmL.jpg"
149,"https://images-na.ssl-images-amazon.com/images/I/41CLybict0L._SX322_BO1,204,203,200_.jpg"
150,"https://images-na.ssl-images-amazon.com/images/I/51EPV1VA7AL._SX303_BO1,204,203,200_.jpg"
151,"https://images-na.ssl-images-amazon.com/images/I/51KDN6B0FgL._SX348_BO1,204,203,200_.jpg"
152,"https://images-na.ssl-images-amazon.com/images/I/41aTTiH%2BSmL._SX331_BO1,204,203,200_.jpg"
153,"https://m.media-amazon.com/images/I/61K052pFeyL._AC_UY436_FMwebp_QL65_.jpg"
154,"https://images-na.ssl-images-amazon.com/images/I/41yP20BIXDL._SX313_BO1,204,203,200_.jpg"
155,"https://images-na.ssl-images-amazon.com/images/I/51vPkGF5Y5L._SX331_BO1,204,203,200_.jpg"
156,"https://images-na.ssl-images-amazon.com/images/I/512-B-1yXuL.jpg"
157,"https://images-na.ssl-images-amazon.com/images/I/418o27lNqRL._SX324_BO1,204,203,200_.jpg"
158,"https://images-na.ssl-images-amazon.com/images/I/51LV2-MZ-YL._SX341_BO1,204,203,200_.jpg"
159,"https://images-na.ssl-images-amazon.com/images/I/71ailrFby9L.jpg"
160,"https://images-na.ssl-images-amazon.com/images/I/51jQCLAk9SL._SX329_BO1,204,203,200_.jpg"
161,"https://images-na.ssl-images-amazon.com/images/I/41SiGWFQH3L._SX324_BO1,204,203,200_.jpg"
162,"https://media.hugendubel.de/shop/coverscans/299/29942683_9783867745758_xl.jpg"
163,"https://images-na.ssl-images-amazon.com/images/I/51paXS1DTpL._SX331_BO1,204,203,200_.jpg"
164,"https://images-na.ssl-images-amazon.com/images/I/51XrQfpIyCL._SX258_BO1,204,203,200_.jpg"
165,"https://images-na.ssl-images-amazon.com/images/I/71QUhm-AnIL.jpg"
166,"https://images-na.ssl-images-amazon.com/images/I/51VTwxiCKEL._SX329_BO1,204,203,200_.jpg"
167,"https://images-na.ssl-images-amazon.com/images/I/41-HocrsZYL._SX367_BO1,204,203,200_.jpg"
168,"https://images-na.ssl-images-amazon.com/images/I/71ioAEzZFEL.jpg"
169,"https://images-na.ssl-images-amazon.com/images/I/71uTHTyxtwL.jpg"
170,"https://cdn.waterstones.com/bookjackets/large/9781/5098/9781509845385.jpg"
171,"https://i.ebayimg.com/images/g/uJQAAOSwRJZc-ZNh/s-l640.jpg"
172,"https://images-na.ssl-images-amazon.com/images/I/51kRGEf7aaL._SX326_BO1,204,203,200_.jpg"
173,"https://images-na.ssl-images-amazon.com/images/I/71TubiRjLzL.jpg"
174,"https://images-na.ssl-images-amazon.com/images/I/8123KNmCz1L.jpg"
175,"https://images-na.ssl-images-amazon.com/images/I/41TdoRWNfxL._SX325_BO1,204,203,200_.jpg"
176,"https://itrevolution.com/wp-content/uploads/2018/06/P2P_CSCover_RGB_3D-2-e1538586405123-490x700.jpg"
177,"https://images-na.ssl-images-amazon.com/images/I/51MLvC%2BJryL._SX370_BO1,204,203,200_.jpg"
178,"https://images-na.ssl-images-amazon.com/images/I/41jZIThj0aL._SX324_BO1,204,203,200_.jpg"
179,"https://images-na.ssl-images-amazon.com/images/I/51qUBXK3xkL._SX331_BO1,204,203,200_.jpg"
180,"https://images-na.ssl-images-amazon.com/images/I/51AloVz2Q2L._SX331_BO1,204,203,200_.jpg"
181,"https://images-na.ssl-images-amazon.com/images/I/51bz1-F1qyL._SX336_BO1,204,203,200_.jpg"
182,"https://images-na.ssl-images-amazon.com/images/I/51m2T7I1-0L._SX330_BO1,204,203,200_.jpg"
183,"https://images-na.ssl-images-amazon.com/images/I/51aHymUjSQL._SX335_BO1,204,203,200_.jpg"
184,"https://images-na.ssl-images-amazon.com/images/I/41XGS1xwrNL._SX327_BO1,204,203,200_.jpg"
185,"https://media.bloomsbury.com/rep/bj/9781472572585.jpg"
186,"https://images-na.ssl-images-amazon.com/images/I/41l%2BOkoNGQL.jpg"
187,"https://m.media-amazon.com/images/I/61gYCHnALaL._AC_UY436_FMwebp_QL65_.jpg"
188,"https://images-na.ssl-images-amazon.com/images/I/41M97l6NswL.jpg"
189,"https://images-na.ssl-images-amazon.com/images/I/51VFh0JgJmL._SX355_BO1,204,203,200_.jpg"
190,"https://m.media-amazon.com/images/I/41zQ+H9+xGL._AC_UY436_FMwebp_QL65_.jpg"
191,"https://m.media-amazon.com/images/I/41FEniV1eAL._AC_UY436_FMwebp_QL65_.jpg"
192,"https://m.media-amazon.com/images/I/510X+-q6zPL._AC_UL640_FMwebp_QL65_.jpg"
193,"https://m.media-amazon.com/images/I/51QArmq8raL._AC_UY436_FMwebp_QL65_.jpg"
194,"https://m.media-amazon.com/images/I/510AO7UjVPL._AC_UY436_FMwebp_QL65_.jpg"
195,"https://m.media-amazon.com/images/I/815DdUXa0fL._AC_UY436_FMwebp_QL65_.jpg"
196,"https://m.media-amazon.com/images/I/61npQHfWgAL._AC_UY436_FMwebp_QL65_.jpg"
197,"https://m.media-amazon.com/images/I/41c8kwnJzKL._AC_UY436_FMwebp_QL65_.jpg"
198,"https://m.media-amazon.com/images/I/91xIxzlVVHL._AC_UY436_FMwebp_QL65_.jpg"
199,"https://images-na.ssl-images-amazon.com/images/I/41217c5Mu%2BL._SX335_BO1,204,203,200_.jpg"
200,"https://m.media-amazon.com/images/I/81+n12er4KL._AC_UY436_FMwebp_QL65_.jpg"
201,"https://images-na.ssl-images-amazon.com/images/I/51zfwck6M5L._SY392_BO1,204,203,200_.jpg"
202,"https://images-na.ssl-images-amazon.com/images/I/51lPd7YZAjL._SX418_BO1,204,203,200_.jpg"
203,"https://images-na.ssl-images-amazon.com/images/I/41kAAq4FPfL._SX331_BO1,204,203,200_.jpg"
204,"https://m.media-amazon.com/images/I/91ahAhFS-LL._AC_UY436_FMwebp_QL65_.jpg"
205,"http://books.google.com/books/content?id=L46fX62D5qYC&printsec=frontcover&img=1&zoom=1&edge=curl&source=gbs_api"
206,"http://books.google.com/books/content?id=6JVCAwAAQBAJ&printsec=frontcover&img=1&zoom=1&edge=curl&source=gbs_api"
207,"http://books.google.com/books/content?id=QJA3dM8Uix0C&printsec=frontcover&img=1&zoom=1&edge=curl&source=gbs_api"
208,"https://m.media-amazon.com/images/I/61qpmhZRxGL._AC_UY436_FMwebp_QL65_.jpg"
209,"http://books.google.com/books/content?id=QesxXj_ecD0C&printsec=frontcover&img=1&zoom=1&edge=curl&source=gbs_api"
210,"http://books.google.com/books/content?id=nh0okI1a1sQC&printsec=frontcover&img=1&zoom=1&edge=curl&source=gbs_api"
211,"http://books.google.com/books/content?id=wSkRAAAAQBAJ&printsec=frontcover&img=1&zoom=1&edge=curl&source=gbs_api"
212,"http://books.google.com/books/content?id=mAy_CffZSDgC&printsec=frontcover&img=1&zoom=1&edge=curl&source=gbs_api"
213,"http://books.google.com/books/content?id=UiM3DwAAQBAJ&printsec=frontcover&img=1&zoom=1&edge=curl&source=gbs_api"
214,"http://books.google.com/books/content?id=JYodCAAAQBAJ&printsec=frontcover&img=1&zoom=1&edge=curl&source=gbs_api"
215,"https://m.media-amazon.com/images/I/51MWlrcCY-L._AC_UL872_FMwebp_QL65_.jpg"
216,"http://books.google.com/books/content?id=bRpYDgAAQBAJ&printsec=frontcover&img=1&zoom=1&edge=curl&source=gbs_api"
217,"http://books.google.com/books/content?id=b8jsMQEACAAJ&printsec=frontcover&img=1&zoom=1&source=gbs_api"
218,"http://books.google.com/books/content?id=nObtAwAAQBAJ&printsec=frontcover&img=1&zoom=1&edge=curl&source=gbs_api"
219,"http://books.google.com/books/content?id=sS7aPtrUuw4C&printsec=frontcover&img=1&zoom=1&edge=curl&source=gbs_api"
220,"https://images-na.ssl-images-amazon.com/images/I/41xyrFw0ZZL._SX331_BO1,204,203,200_.jpg"
221,"https://m.media-amazon.com/images/I/71ME9bXPKQL._AC_UY436_FMwebp_QL65_.jpg"
222,"http://books.google.com/books/content?id=MVApxsrcHiAC&printsec=frontcover&img=1&zoom=1&edge=curl&source=gbs_api"
223,"http://books.google.com/books/content?id=EtrHAwAAQBAJ&printsec=frontcover&img=1&zoom=1&edge=curl&source=gbs_api"
224,"http://books.google.com/books/content?id=1PgCCVryjOQC&printsec=frontcover&img=1&zoom=1&edge=curl&source=gbs_api"
225,"http://books.google.com/books/content?id=Ghr4RAAACAAJ&printsec=frontcover&img=1&zoom=1&source=gbs_api"
226,"https://m.media-amazon.com/images/I/51Jd9evk8EL._AC_UL872_FMwebp_QL65_.jpg"
227,"https://m.media-amazon.com/images/I/41Hdh0BzKsL._AC_UY436_FMwebp_QL65_.jpg"
228,"http://books.google.com/books/content?id=HW-kMQEACAAJ&printsec=frontcover&img=1&zoom=1&source=gbs_api"
229,"http://books.google.com/books/content?id=drbI_aro20oC&printsec=frontcover&img=1&zoom=1&edge=curl&source=gbs_api"
230,"http://books.google.com/books/content?id=tOptBgAAQBAJ&printsec=frontcover&img=1&zoom=1&edge=curl&source=gbs_api"
231,"http://books.google.com/books/content?id=uJonDwAAQBAJ&printsec=frontcover&img=1&zoom=1&edge=curl&source=gbs_api"
232,"http://books.google.com/books/content?id=3LipBwAAQBAJ&printsec=frontcover&img=1&zoom=1&source=gbs_api"
233,"https://images-na.ssl-images-amazon.com/images/I/51cbxoHJirL._SX346_BO1,204,203,200_.jpg"
234,"http://books.google.com/books/content?id=6YQ0DwAAQBAJ&printsec=frontcover&img=1&zoom=1&edge=curl&source=gbs_api"
235,"http://books.google.com/books/content?id=SUJ_DQAAQBAJ&printsec=frontcover&img=1&zoom=1&edge=curl&source=gbs_api"
236,"http://books.google.com/books/content?id=iqDUCgAAQBAJ&printsec=frontcover&img=1&zoom=1&edge=curl&source=gbs_api"
237,"http://books.google.com/books/content?id=g5vVDAAAQBAJ&printsec=frontcover&img=1&zoom=1&edge=curl&source=gbs_api"
238,"https://m.media-amazon.com/images/I/51qp4vdf6-L._AC_UL872_FMwebp_QL65_.jpg"
239,"https://m.media-amazon.com/images/I/61AWo6sS+-L._AC_UY436_FMwebp_QL65_.jpg"
240,"http://books.google.com/books/content?id=AGQ4DQAAQBAJ&printsec=frontcover&img=1&zoom=1&edge=curl&source=gbs_api"
241,"https://m.media-amazon.com/images/I/714FvHOdgVL._AC_UY436_FMwebp_QL65_.jpg"
242,"https://images-na.ssl-images-amazon.com/images/I/61cJs33whRL._SX446_BO1,204,203,200_.jpg"
243,"https://m.media-amazon.com/images/I/81poxPxj+GL._AC_UY436_FMwebp_QL65_.jpg"
244,"https://m.media-amazon.com/images/I/71qZi7-PpwL._AC_UL640_FMwebp_QL65_.jpg"
245,"http://books.google.com/books/content?id=4U8oDwAAQBAJ&printsec=frontcover&img=1&zoom=1&edge=curl&source=gbs_api"
246,"http://books.google.com/books/content?id=RpZGDwAAQBAJ&printsec=frontcover&img=1&zoom=1&edge=curl&source=gbs_api"
247,"http://books.google.com/books/content?id=GVJtDwAAQBAJ&printsec=frontcover&img=1&zoom=1&edge=curl&source=gbs_api"
248,"http://books.google.com/books/content?id=fhiMDQAAQBAJ&printsec=frontcover&img=1&zoom=1&edge=curl&source=gbs_api"
249,"http://books.google.com/books/content?id=gj7tjxGztGwC&printsec=frontcover&img=1&zoom=1&edge=curl&source=gbs_api"
250,"http://books.google.com/books/content?id=GjZKCgAAQBAJ&printsec=frontcover&img=1&zoom=1&edge=curl&source=gbs_api"
251,"http://books.google.com/books/content?id=AdPTDgAAQBAJ&printsec=frontcover&img=1&zoom=1&edge=curl&source=gbs_api"
252,"http://books.google.com/books/content?id=uGE1DwAAQBAJ&printsec=frontcover&img=1&zoom=1&edge=curl&source=gbs_api"
253,"http://books.google.com/books/content?id=6oHuKQe3TjQC&printsec=frontcover&img=1&zoom=1&edge=curl&source=gbs_api"
254,"http://books.google.com/books/content?id=hLcrDwAAQBAJ&printsec=frontcover&img=1&zoom=1&edge=curl&source=gbs_api"
255,"http://books.google.com/books/content?id=f24wFELSzkoC&printsec=frontcover&img=1&zoom=1&edge=curl&source=gbs_api"
256,"http://books.google.com/books/content?id=kLgrDwAAQBAJ&printsec=frontcover&img=1&zoom=1&edge=curl&source=gbs_api"
257,"http://books.google.com/books/content?id=fQOLBAAAQBAJ&printsec=frontcover&img=1&zoom=1&edge=curl&source=gbs_api"
258,"http://books.google.com/books/content?id=luonswEACAAJ&printsec=frontcover&img=1&zoom=1&source=gbs_api"
259,""
260,"http://books.google.com/books/content?id=nrgrDwAAQBAJ&printsec=frontcover&img=1&zoom=1&edge=curl&source=gbs_api"
261,"https://m.media-amazon.com/images/I/71FBsY7KDjL._AC_UY436_FMwebp_QL65_.jpg"
262,"https://m.media-amazon.com/images/I/31FiRMvGVnL._AC_UY436_FMwebp_QL65_.jpg"
263,"https://m.media-amazon.com/images/I/51DGOG+QCpL._AC_UL872_FMwebp_QL65_.jpg"
264,"http://books.google.com/books/content?id=Ii6rDAAAQBAJ&printsec=frontcover&img=1&zoom=1&edge=curl&source=gbs_api"
265,"http://books.google.com/books/content?id=6k7IfACN_P8C&printsec=frontcover&img=1&zoom=1&edge=curl&source=gbs_api"
266,"https://m.media-amazon.com/images/I/41-1VkO+1lL._AC_UY436_FMwebp_QL65_.jpg"
267,"http://books.google.com/books/content?id=aLSu0P0EojEC&printsec=frontcover&img=1&zoom=1&edge=curl&source=gbs_api"
268,"https://m.media-amazon.com/images/I/71jZS3Vr3PL._AC_UY436_FMwebp_QL65_.jpg"
269,""
270,"http://books.google.com/books/content?id=Csz3DAAAQBAJ&printsec=frontcover&img=1&zoom=1&edge=curl&source=gbs_api"
271,"http://books.google.com/books/content?id=JUjmsgEACAAJ&printsec=frontcover&img=1&zoom=1&source=gbs_api"
272,"https://m.media-amazon.com/images/I/51gM3SDazGL._AC_UL640_FMwebp_QL65_.jpg"
273,"http://books.google.com/books/content?id=yPfZBwAAQBAJ&printsec=frontcover&img=1&zoom=1&edge=curl&source=gbs_api"
274,"https://m.media-amazon.com/images/I/71e3G9GANFL._AC_UL872_FMwebp_QL65_.jpg"
275,"https://images-na.ssl-images-amazon.com/images/I/513p5g2pYxL._SX402_BO1,204,203,200_.jpg"
276,"https://m.media-amazon.com/images/I/41jEbK-jG+L._AC_UY436_FMwebp_QL65_.jpg"
277,"http://books.google.com/books/content?id=hoK6lgEACAAJ&printsec=frontcover&img=1&zoom=1&source=gbs_api"
278,"https://m.media-amazon.com/images/I/41UcLVd2c0L._AC_UL872_FMwebp_QL65_.jpg"
279,"http://books.google.com/books/content?id=nneBa6-mWfgC&printsec=frontcover&img=1&zoom=1&edge=curl&source=gbs_api"
280,"http://books.google.com/books/content?id=CKWZiGoY8O4C&printsec=frontcover&img=1&zoom=1&edge=curl&source=gbs_api"
281,"http://books.google.com/books/content?id=XUOrDAEACAAJ&printsec=frontcover&img=1&zoom=1&source=gbs_api"
282,"http://books.google.com/books/content?id=_IWHCAAAQBAJ&printsec=frontcover&img=1&zoom=1&edge=curl&source=gbs_api"
283,"http://books.google.com/books/content?id=qPU2DAAAQBAJ&printsec=frontcover&img=1&zoom=1&edge=curl&source=gbs_api"
284,"http://books.google.com/books/content?id=xBe6BQAAQBAJ&printsec=frontcover&img=1&zoom=1&edge=curl&source=gbs_api"
285,"http://books.google.com/books/content?id=NHr6CgAAQBAJ&printsec=frontcover&img=1&zoom=1&edge=curl&source=gbs_api"
286,"http://books.google.com/books/content?id=PuQyLgEACAAJ&printsec=frontcover&img=1&zoom=1&source=gbs_api"
287,"http://books.google.com/books/content?id=LCYPAQAAMAAJ&printsec=frontcover&img=1&zoom=1&source=gbs_api"
288,"https://m.media-amazon.com/images/I/51ECv+eq1SL._AC_UY436_FMwebp_QL65_.jpg"
289,"http://books.google.com/books/content?id=NXIrAQAAQBAJ&printsec=frontcover&img=1&zoom=1&edge=curl&source=gbs_api"
290,"http://books.google.com/books/content?id=RXoZCwAAQBAJ&printsec=frontcover&img=1&zoom=1&edge=curl&source=gbs_api"
291,"http://books.google.com/books/content?id=6ADDuzere-YC&printsec=frontcover&img=1&zoom=1&edge=curl&source=gbs_api"
292,"http://books.google.com/books/content?id=dadfDwAAQBAJ&printsec=frontcover&img=1&zoom=1&edge=curl&source=gbs_api"
293,"http://books.google.com/books/content?id=_4rPCwAAQBAJ&printsec=frontcover&img=1&zoom=1&edge=curl&source=gbs_api"
294,"http://books.google.com/books/content?id=UqxYBQAAQBAJ&printsec=frontcover&img=1&zoom=1&edge=curl&source=gbs_api"
295,"http://books.google.com/books/content?id=9xZxDwAAQBAJ&printsec=frontcover&img=1&zoom=1&edge=curl&source=gbs_api"
296,"https://pbs.twimg.com/media/DQOD40hWAAAvN0A.jpg"
297,"https://zygosec.com/img/book2.png"
298,"https://m.media-amazon.com/images/I/41LBzpPXCOL._AC_UL872_FMwebp_QL65_.jpg"
299,"http://books.google.com/books/content?id=XS9CjwEACAAJ&printsec=frontcover&img=1&zoom=1&source=gbs_api"
300,"https://images-na.ssl-images-amazon.com/images/I/518QgDaMa3L._SX258_BO1,204,203,200_.jpg"
301,"https://m.media-amazon.com/images/I/41w+YS0fjPL._AC_UY436_FMwebp_QL65_.jpg"
302,"https://m.media-amazon.com/images/I/61qpmhZRxGL._AC_UY436_FMwebp_QL65_.jpg"
303,"https://m.media-amazon.com/images/I/91sADRec6lL._AC_UL640_FMwebp_QL65_.jpg"
304,"https://m.media-amazon.com/images/I/714mPU-o5wL._AC_UY436_FMwebp_QL65_.jpg"
305,"https://m.media-amazon.com/images/I/51DTN1YD04L._AC_UY436_FMwebp_QL65_.jpg"
306,"https://m.media-amazon.com/images/I/81QqfVpuxiL._AC_UY436_FMwebp_QL65_.jpg"
307,"https://m.media-amazon.com/images/I/71hVAw0GcIL._AC_UY436_FMwebp_QL65_.jpg"
308,"https://m.media-amazon.com/images/I/71x73K6N3RL._AC_UY436_FMwebp_QL65_.jpg"
309,"https://m.media-amazon.com/images/I/71IunXDs77L._AC_UY436_FMwebp_QL65_.jpg"
310,"https://m.media-amazon.com/images/I/71K5DR1-xeL._AC_UY436_FMwebp_QL65_.jpg"
311,"https://pictures.abebooks.com/isbn/9780321225313-uk.jpg"
312,"https://images-na.ssl-images-amazon.com/images/I/41C9TtXr0hL._SX398_BO1,204,203,200_.jpg"
313,"https://m.media-amazon.com/images/I/818wTWYXsbL._AC_UY436_FMwebp_QL65_.jpg"
314,"https://m.media-amazon.com/images/I/51KEqIsBa4L._AC_UY436_FMwebp_QL65_.jpg"
315,"https://pictures.abebooks.com/isbn/9780321992789-uk.jpg"
316,"https://m.media-amazon.com/images/I/41ArJlUM+2L._AC_UY436_FMwebp_QL65_.jpg"
317,"https://images-na.ssl-images-amazon.com/images/I/51wwKopZaDL._SX379_BO1,204,203,200_.jpg"
318,"https://images-na.ssl-images-amazon.com/images/I/51azTwvO1AL._SX379_BO1,204,203,200_.jpg"
319,"https://images-na.ssl-images-amazon.com/images/I/51IK1s4J-8L._SX379_BO1,204,203,200_.jpg"
320,"https://images-na.ssl-images-amazon.com/images/I/514xvNk9rTL._SX379_BO1,204,203,200_.jpg"
321,"https://images-na.ssl-images-amazon.com/images/I/51UTLUusRxL.jpg"
322,"https://images-na.ssl-images-amazon.com/images/I/51WPAweu5-L._SX404_BO1,204,203,200_.jpg"
323,"https://m.media-amazon.com/images/I/41WhXplIf8L._AC_UL640_FMwebp_QL65_.jpg"
324,"https://images-na.ssl-images-amazon.com/images/I/511MUkxPscL._SX386_BO1,204,203,200_.jpg"
325,"https://m.media-amazon.com/images/I/71AVuif2zCL._AC_UY436_FMwebp_QL65_.jpg"
326,"https://m.media-amazon.com/images/I/71I+IW3jj4L._AC_UY436_FMwebp_QL65_.jpg"
327,"https://images-na.ssl-images-amazon.com/images/I/41anIxhYTOL._SX415_BO1,204,203,200_.jpg"
328,"https://m.media-amazon.com/images/I/41eCbcQARTL._AC_UY436_FMwebp_QL65_.jpg"
329,"https://m.media-amazon.com/images/I/51LhI5wlKPL._AC_UY436_FMwebp_QL65_.jpg"
330,"https://m.media-amazon.com/images/I/81eZ5mt0TGL._AC_UY436_FMwebp_QL65_.jpg"
331,"https://m.media-amazon.com/images/I/710l5gyhvYL._AC_UY436_FMwebp_QL65_.jpg"
332,"https://images-na.ssl-images-amazon.com/images/I/51rhU%2BItEwL._SX375_BO1,204,203,200_.jpg"
333,"https://m.media-amazon.com/images/I/61hYnLMQ9dL._AC_UY436_FMwebp_QL65_.jpg"
334,"https://images-na.ssl-images-amazon.com/images/I/41kIZOIrarL._SX346_BO1,204,203,200_.jpg"
335,"https://images-na.ssl-images-amazon.com/images/I/61UurYa08%2BL._SX348_BO1,204,203,200_.jpg"
336,"https://m.media-amazon.com/images/I/81kzl0mJXIL._AC_UY436_FMwebp_QL65_.jpg"
337,"https://m.media-amazon.com/images/I/91LVcdFRewL._AC_UY436_FMwebp_QL65_.jpg"
338,"https://images-na.ssl-images-amazon.com/images/I/41IarMBrfPL._SX324_BO1,204,203,200_.jpg"
339,"https://images-na.ssl-images-amazon.com/images/I/51mLWF8%2BuyL._SX324_BO1,204,203,200_.jpg"
340,"https://images-na.ssl-images-amazon.com/images/I/91JdsauEtLL.jpg"
341,"https://mitpress.mit.edu/sites/default/files/styles/large_book_cover/http/mitp-content-server.mit.edu%3A18180/books/covers/cover/%3Fcollid%3Dbooks_covers_0%26isbn%3D9780262540674%26type%3D.jpg?itok=ivxJB1NC"
342,"https://images-na.ssl-images-amazon.com/images/I/51GLXo7EelL._SX332_BO1,204,203,200_.jpg"
343,"https://images-na.ssl-images-amazon.com/images/I/81iYVOjEpRL.jpg"
344,"http://www.reclaimingconversationbook.com/wp-content/uploads/2015/06/Jacket-for-Reclaiming-Conversation.jpg"
345,"https://images-na.ssl-images-amazon.com/images/I/51c1JPPMN1L._SX334_BO1,204,203,200_.jpg"
346,"https://mitpress.mit.edu/sites/default/files/styles/large_book_cover/http/mitp-content-server.mit.edu%3A18180/books/covers/cover/%3Fcollid%3Dbooks_covers_0%26isbn%3D9780262701112%26type%3D.jpg?itok=DlD8idEU"
347,"https://images-eu.ssl-images-amazon.com/images/I/61-JEGAMzhL.jpg"
348,"https://m.media-amazon.com/images/I/71f+sEHP2cL._AC_UY436_FMwebp_QL65_.jpg"
349,"https://images-na.ssl-images-amazon.com/images/I/514%2BDi5TQ2L._SX326_BO1,204,203,200_.jpg"
350,"https://images-na.ssl-images-amazon.com/images/I/71GA4Co7RlL.jpg"
351,"https://zdnet4.cbsistatic.com/hub/i/r/2016/03/01/62b9b7c7-1be0-4635-9c6a-f51257d19889/thumbnail/770x578/47608f639c7ada3c28902dd90f1774ba/swartz-book-thumb.jpg"
352,"https://images-na.ssl-images-amazon.com/images/I/511kcv3KjrL._SX327_BO1,204,203,200_.jpg"
353,"https://images-na.ssl-images-amazon.com/images/I/51rW7lsLAVL.jpg"
354,"https://images-na.ssl-images-amazon.com/images/I/41xNrr2ihFL._SX330_BO1,204,203,200_.jpg"
355,"https://m.media-amazon.com/images/I/51z+F5Rqq5L._AC_UY436_FMwebp_QL65_.jpg"
356,"https://litwinbooks.com/wp-content/uploads/2018/11/Islands-in-the-Cyberstream-Seeking-Havens-of-Reason-in-a-Programmed-Society-195x300.jpg"
357,"https://www.google.com/url?sa=i&source=images&cd=&ved=2ahUKEwivxO29l5PjAhWEbVAKHTSFDdYQjRx6BAgBEAU&url=https%3A%2F%2Fwww.amazon.com%2FHuman-Use-Beings-Cybernetics-Society%2Fdp%2F0306803208&psig=AOvVaw2z1Ngy3xdc00MSyNyMv4kk&ust=1562052046865836"
358,"https://m.media-amazon.com/images/I/51fgPvci7CL._AC_UY436_FMwebp_QL65_.jpg"
359,"https://m.media-amazon.com/images/I/919hiDxPoML._AC_UY436_FMwebp_QL65_.jpg"
360,"https://images-na.ssl-images-amazon.com/images/I/41r4CEtWOxL._SX331_BO1,204,203,200_.jpg"
361,"https://images-na.ssl-images-amazon.com/images/I/518B8Q32VVL._SX327_BO1,204,203,200_.jpg"
362,"https://images-na.ssl-images-amazon.com/images/I/51WIpM70FEL.jpg"
363,"https://m.media-amazon.com/images/I/51XIhubapBL._AC_UY436_FMwebp_QL65_.jpg"
364,"https://images-na.ssl-images-amazon.com/images/I/51MzSp6UPlL._SX331_BO1,204,203,200_.jpg"
365,"https://images-na.ssl-images-amazon.com/images/I/418ZHPXxwYL._SX324_BO1,204,203,200_.jpg"
366,""
367,"https://m.media-amazon.com/images/I/61cKxFuFEsL._AC_UY436_FMwebp_QL65_.jpg"
368,"https://assets.thalia.media/img/36263607-00-00.jpg"
369,"https://images-na.ssl-images-amazon.com/images/I/31SObU4N64L._SX331_BO1,204,203,200_.jpg"
370,"https://images-na.ssl-images-amazon.com/images/I/61wMzlVtcJL.jpg"
371,"https://blackwells.co.uk/jacket/l/9780199552467.jpg"
372,"https://images-na.ssl-images-amazon.com/images/I/51GthmvousL._SX317_BO1,204,203,200_.jpg"
373,"https://images-na.ssl-images-amazon.com/images/I/31AISyLBWTL._SX331_BO1,204,203,200_.jpg"
374,"https://cdn.waterstones.com/bookjackets/large/9781/6246/9781624661174.jpg"
375,"https://images-na.ssl-images-amazon.com/images/I/318LfoXM6CL._SX314_BO1,204,203,200_.jpg"
376,"https://images-na.ssl-images-amazon.com/images/I/61XQuBocckL._SX328_BO1,204,203,200_.jpg"
377,"https://images-na.ssl-images-amazon.com/images/I/51UE32zAcgL._SX331_BO1,204,203,200_.jpg"
378,"https://images-na.ssl-images-amazon.com/images/I/41LULT0WOEL._SX317_BO1,204,203,200_.jpg"
379,"https://images-na.ssl-images-amazon.com/images/I/51Eop%2B89vNL._SX331_BO1,204,203,200_.jpg"
380,"https://images-na.ssl-images-amazon.com/images/I/41HiYHmW3cL._SX331_BO1,204,203,200_.jpg"
381,"https://cdn2.penguin.com.au/covers/original/9781847923868.jpg"
382,"https://m.media-amazon.com/images/I/717xR3zUVEL._AC_UY436_FMwebp_QL65_.jpg"
383,"https://images.tandf.co.uk/common/jackets/agentjpg/978041528/9780415289771.jpg"
384,"https://cdn-ed.versobooks.com/images/000011/507/Dialectic-of-Enlightenment-front-1050-3b60fddebe32ee0679e180dfe91630b9.jpg"
385,"https://images-na.ssl-images-amazon.com/images/I/41a-xGhPJIL._SX331_BO1,204,203,200_.jpg"
386,"https://assets.cambridge.org/97805216/36452/cover/9780521636452.jpg"
387,""
388,"https://d1w7fb2mkkr3kw.cloudfront.net/assets/images/book/lrg/9780/4152/9780415254083.jpg"
389,"https://images-na.ssl-images-amazon.com/images/I/41IhsTqZh6L._SX340_BO1,204,203,200_.jpg"
390,"https://images-na.ssl-images-amazon.com/images/I/51nmKwZcwAL._SX348_BO1,204,203,200_.jpg"
391,"https://m.media-amazon.com/images/I/61h72QVZXzL._AC_UY436_FMwebp_QL65_.jpg"
392,"https://i.harperapps.com/covers/9780062290700/x510.jpg"
393,"https://images-na.ssl-images-amazon.com/images/I/2101P0AW7XL._BO1,204,203,200_.jpg"
394,"https://images-na.ssl-images-amazon.com/images/I/51kkRrwNJoL._SX349_BO1,204,203,200_.jpg"
395,"https://images-na.ssl-images-amazon.com/images/I/51a113vWP8L._SX324_BO1,204,203,200_.jpg"
396,"https://images-na.ssl-images-amazon.com/images/I/41vc5C8zYnL._SX331_BO1,204,203,200_.jpg"
397,"https://images-na.ssl-images-amazon.com/images/I/31MfkGhgZFL._SX338_BO1,204,203,200_.jpg"
398,"https://m.media-amazon.com/images/I/51QusbI63IL._AC_UY436_FMwebp_QL65_.jpg"
399,"https://images-na.ssl-images-amazon.com/images/I/41eiZGlyyCL._SX329_BO1,204,203,200_.jpg"
400,"https://images-na.ssl-images-amazon.com/images/I/51T0xcWjwZL._SX328_BO1,204,203,200_.jpg"
401,"https://images-na.ssl-images-amazon.com/images/I/51lE8zgnN8L._SX331_BO1,204,203,200_.jpg"
402,"https://images-na.ssl-images-amazon.com/images/I/51CStNVYY2L._SX329_BO1,204,203,200_.jpg"
403,"https://m.media-amazon.com/images/I/61790Xu8mWL._AC_UY436_FMwebp_QL65_.jpg"
404,"https://images-na.ssl-images-amazon.com/images/I/51xkqo8iAhL._SX331_BO1,204,203,200_.jpg"
405,"https://m.media-amazon.com/images/I/91G00NOgKYL._AC_UY436_FMwebp_QL65_.jpg"
406,"https://images-na.ssl-images-amazon.com/images/I/51HtRSB-fSL._SX324_BO1,204,203,200_.jpg"
407,"https://images-na.ssl-images-amazon.com/images/I/51WE7KUmdpL._SX331_BO1,204,203,200_.jpg"
408,"https://m.media-amazon.com/images/I/31G9QPPPNBL._AC_UY218_ML3_.jpg"
409,"https://images-na.ssl-images-amazon.com/images/I/51Sy-K4yt2L._SX331_BO1,204,203,200_.jpg"
410,"https://exlibris.azureedge.net/covers/9783/4922/3623/2/9783492236232xl.jpg"
411,"https://m.media-amazon.com/images/I/41lWbCRu0LL._AC_UL640_FMwebp_QL65_.jpg"
412,"https://images.thenile.io/r1000/9780099526278.jpg"
413,"https://images-na.ssl-images-amazon.com/images/I/41KlLfS09cL._SX291_BO1,204,203,200_.jpg"
414,"https://images-na.ssl-images-amazon.com/images/I/513%2BbvpaPEL._SX319_BO1,204,203,200_.jpg"
415,"https://images-na.ssl-images-amazon.com/images/I/51pAJxXbIAL._SX327_BO1,204,203,200_.jpg"
416,"https://m.media-amazon.com/images/I/71uAI28kJuL._AC_UY436_FMwebp_QL65_.jpg"
417,"https://images-na.ssl-images-amazon.com/images/I/51KhPG%2BRhgL._SX316_BO1,204,203,200_.jpg"
418,"https://images-na.ssl-images-amazon.com/images/I/51XV6ZJRPDL._SX332_BO1,204,203,200_.jpg"
419,"https://images-na.ssl-images-amazon.com/images/I/410cnlPnD7L._SX325_BO1,204,203,200_.jpg"
420,""
421,"https://images-na.ssl-images-amazon.com/images/I/41BsO3sk0ML._SX314_BO1,204,203,200_.jpg"
422,"https://m.media-amazon.com/images/I/516Q01jfsOL._AC_UY436_FMwebp_QL65_.jpg"
423,"https://images-na.ssl-images-amazon.com/images/I/31MfkGhgZFL._SX338_BO1,204,203,200_.jpg"
424,"https://m.media-amazon.com/images/I/81T2SNa1TnL._AC_UY436_FMwebp_QL65_.jpg"
425,"https://images-na.ssl-images-amazon.com/images/I/31fEDcXdEQL._SX327_BO1,204,203,200_.jpg"
426,"https://m.media-amazon.com/images/I/51oEjGD+juL._AC_UY436_FMwebp_QL65_.jpg"
427,"https://images-na.ssl-images-amazon.com/images/I/41kozI-eXBL._SX332_BO1,204,203,200_.jpg"
428,"https://images-na.ssl-images-amazon.com/images/I/41trpUuHRiL._SX338_BO1,204,203,200_.jpg"
429,"https://m.media-amazon.com/images/I/61npQHfWgAL._AC_UY436_FMwebp_QL65_.jpg"
430,"https://images-na.ssl-images-amazon.com/images/I/41KsQ1NNkjL.jpg"
431,"http://books.google.com/books/content?id=MwF-BAAAQBAJ&printsec=frontcover&img=1&zoom=1&edge=curl&source=gbs_api"
432,"https://m.media-amazon.com/images/I/81IUVSwJGvL._AC_UY436_FMwebp_QL65_.jpg"
433,"https://images-na.ssl-images-amazon.com/images/I/41HIHChv9QL._SX328_BO1,204,203,200_.jpg"
434,"https://images-na.ssl-images-amazon.com/images/I/4136qq%2BnopL._SX331_BO1,204,203,200_.jpg"
435,"https://m.media-amazon.com/images/I/41FmTtLdhdL._AC_UY436_FMwebp_QL65_.jpg"
436,"http://books.google.com/books/content?id=9X_GAQAAQBAJ&printsec=frontcover&img=1&zoom=1&edge=curl&source=gbs_api"
437,"https://m.media-amazon.com/images/I/71fd2brGK8L._AC_UY436_FMwebp_QL65_.jpg"
438,"https://images-na.ssl-images-amazon.com/images/I/81ppLHjddVL.jpg"
439,"https://m.media-amazon.com/images/I/41fvoWQfwfL._AC_UL872_FMwebp_QL65_.jpg"
440,"http://books.google.com/books/content?id=CLQ5DwAAQBAJ&printsec=frontcover&img=1&zoom=1&edge=curl&source=gbs_api"
441,"https://m.media-amazon.com/images/I/41NgltIp56L.jpg"
442,"http://books.google.com/books/content?id=ro7X8HRyuEIC&printsec=frontcover&img=1&zoom=1&source=gbs_api"
443,"https://m.media-amazon.com/images/I/61KtWXgbFeL._AC_UL872_FMwebp_QL65_.jpg"
444,"https://m.media-amazon.com/images/I/51fv1NFXKCL._AC_UL872_FMwebp_QL65_.jpg"
445,"http://books.google.com/books/content?id=CrNyDwAAQBAJ&printsec=frontcover&img=1&zoom=1&source=gbs_api"
446,"http://books.google.com/books/content?id=rmlFDwAAQBAJ&printsec=frontcover&img=1&zoom=1&edge=curl&source=gbs_api"
447,"https://m.media-amazon.com/images/I/71jFMZoAgdL._AC_UY436_FMwebp_QL65_.jpg"
448,"https://m.media-amazon.com/images/I/61THqsHISiL._AC_UY436_FMwebp_QL65_.jpg"
449,"http://books.google.com/books/content?id=dWYyCwAAQBAJ&printsec=frontcover&img=1&zoom=1&edge=curl&source=gbs_api"
450,"http://books.google.com/books/content?id=ar44DwAAQBAJ&printsec=frontcover&img=1&zoom=1&edge=curl&source=gbs_api"
451,"http://books.google.com/books/content?id=u3j3BgAAQBAJ&printsec=frontcover&img=1&zoom=1&edge=curl&source=gbs_api"
452,"http://books.google.com/books/content?id=XU5-AAAAMAAJ&printsec=frontcover&img=1&zoom=1&source=gbs_api"
453,"https://m.media-amazon.com/images/I/61pyXLUkB4L._AC_UL872_FMwebp_QL65_.jpg"
454,"https://m.media-amazon.com/images/I/91c21vVcrjL._AC_UY436_FMwebp_QL65_.jpg"
455,"https://images-na.ssl-images-amazon.com/images/I/51hP6UPkeKL._SX329_BO1,204,203,200_.jpg"
456,"https://images-na.ssl-images-amazon.com/images/I/41tjS2DPOZL._SX324_BO1,204,203,200_.jpg"
457,"https://m.media-amazon.com/images/I/61URclbgzTL._AC_UL872_FMwebp_QL65_.jpg"
458,"http://books.google.com/books/content?id=AjFkBgAAQBAJ&printsec=frontcover&img=1&zoom=1&edge=curl&source=gbs_api"
459,"http://books.google.com/books/content?id=7z1QDwAAQBAJ&printsec=frontcover&img=1&zoom=1&edge=curl&source=gbs_api"
460,"http://books.google.com/books/content?id=Mf98DAAAQBAJ&printsec=frontcover&img=1&zoom=1&edge=curl&source=gbs_api"
461,"http://books.google.com/books/content?id=FfG7DQAAQBAJ&printsec=frontcover&img=1&zoom=1&edge=curl&source=gbs_api"
462,"https://images-na.ssl-images-amazon.com/images/I/51Hp5MklfuL._SX382_BO1,204,203,200_.jpg"
463,"http://books.google.com/books/content?id=mN24BAAAQBAJ&printsec=frontcover&img=1&zoom=1&edge=curl&source=gbs_api"
464,"https://m.media-amazon.com/images/I/71H5qLW-N+L._AC_UY436_FMwebp_QL65_.jpg"
465,"https://images-na.ssl-images-amazon.com/images/I/41ecIosn2YL._SX344_BO1,204,203,200_.jpg"
466,"http://books.google.com/books/content?id=PAUErgEACAAJ&printsec=frontcover&img=1&zoom=1&source=gbs_api"
467,"https://m.media-amazon.com/images/I/41eEyy5txmL._AC_UL872_FMwebp_QL65_.jpg"
468,"https://images-eu.ssl-images-amazon.com/images/I/41tUys4Q8aL.jpg"
469,"https://m.media-amazon.com/images/I/61KkZRVEugL._AC_UL872_FMwebp_QL65_.jpg"
470,"https://m.media-amazon.com/images/I/71efSExu8fL._AC_UL872_FMwebp_QL65_.jpg"
471,"https://images-na.ssl-images-amazon.com/images/I/51p7xGmWRPL._SX330_BO1,204,203,200_.jpg"
472,"https://images-na.ssl-images-amazon.com/images/I/41nfe-f7Q3L._SX324_BO1,204,203,200_.jpg"
473,"https://images-na.ssl-images-amazon.com/images/I/41e1FBHI9cL._SX331_BO1,204,203,200_.jpg"
474,"https://images-na.ssl-images-amazon.com/images/I/419rkEvFCCL._SX331_BO1,204,203,200_.jpg"
475,"https://images-na.ssl-images-amazon.com/images/I/51Ce1TtE2cL._SX321_BO1,204,203,200_.jpg"
476,"https://m.media-amazon.com/images/I/71y3vlkZMiL._AC_UY436_FMwebp_QL65_.jpg"
477,"https://images-na.ssl-images-amazon.com/images/I/41pYz2ShHtL._SX346_BO1,204,203,200_.jpg"
478,"https://images-na.ssl-images-amazon.com/images/I/51aLemSqBvL._SX343_BO1,204,203,200_.jpg"
479,"https://images-na.ssl-images-amazon.com/images/I/518gE-88SLL._SX324_BO1,204,203,200_.jpg"
480,"https://images-na.ssl-images-amazon.com/images/I/51NGi%2BZ-pVL._SX402_BO1,204,203,200_.jpg"
481,"https://images-eu.ssl-images-amazon.com/images/I/51YqOv2NR4L._SY346_.jpg"
482,"https://images-na.ssl-images-amazon.com/images/I/51fg6XawPfL._SX402_BO1,204,203,200_.jpg"
483,"https://images-na.ssl-images-amazon.com/images/I/51oNREh6j6L._SX312_BO1,204,203,200_.jpg"
484,"https://images-na.ssl-images-amazon.com/images/I/51CC3yLf5mL._SX324_BO1,204,203,200_.jpg"
485,"https://images-eu.ssl-images-amazon.com/images/I/41xrUEtpnCL.jpg"
486,"https://images-na.ssl-images-amazon.com/images/I/41hcYZA7ziL._SX331_BO1,204,203,200_.jpg"
487,"https://images-na.ssl-images-amazon.com/images/I/41LSjIPiyQL._SX331_BO1,204,203,200_.jpg"
488,"https://m.media-amazon.com/images/I/81WSOFawK1L._AC_UY436_FMwebp_QL65_.jpg"
489,"https://images-eu.ssl-images-amazon.com/images/I/41xmkREC%2B4L._SY346_.jpg"
490,"https://images-na.ssl-images-amazon.com/images/I/41TM%2Bgs%2B7hL._SX331_BO1,204,203,200_.jpg"
491,"https://images-na.ssl-images-amazon.com/images/I/51cTEdUTqLL._SX331_BO1,204,203,200_.jpg"
492,"https://images-eu.ssl-images-amazon.com/images/I/51IurgMePaL._SY346_.jpg"
493,"https://images-na.ssl-images-amazon.com/images/I/41QswQUa7AL._SX331_BO1,204,203,200_.jpg"
494,"https://images-na.ssl-images-amazon.com/images/I/51fuBaKo%2BTL._SX311_BO1,204,203,200_.jpg"
495,"https://images-na.ssl-images-amazon.com/images/I/519PHR3fhDL._SY498_BO1,204,203,200_.jpg"
496,"https://images-na.ssl-images-amazon.com/images/I/51sjnWhi8xL._SY441_BO1,204,203,200_.jpg"
497,"https://images-eu.ssl-images-amazon.com/images/I/41ToUKr%2BKpL.jpg"
498,"https://images-na.ssl-images-amazon.com/images/I/51GpHlxx6cL._SX320_BO1,204,203,200_.jpg"
499,"https://m.media-amazon.com/images/I/917H4FDSE3L._AC_UY436_FMwebp_QL65_.jpg"
500,"https://images-na.ssl-images-amazon.com/images/I/71E6XJHGH9L._SX284_BO1,204,203,200_.gif"
501,"https://m.media-amazon.com/images/I/81Ci1gAe7qL._AC_UY436_FMwebp_QL65_.jpg"
502,"https://images-na.ssl-images-amazon.com/images/I/51hOvmCUGTL._SX324_BO1,204,203,200_.jpg"
503,"https://images-na.ssl-images-amazon.com/images/I/510djzt7zXL._SX310_BO1,204,203,200_.jpg"
504,"https://images-na.ssl-images-amazon.com/images/I/41gwivyNYaL._SX323_BO1,204,203,200_.jpg"
505,"https://images-na.ssl-images-amazon.com/images/I/51PU%2BGAOBfL._SX326_BO1,204,203,200_.jpg"
506,"https://images-na.ssl-images-amazon.com/images/I/51c7q3z3UKL._SX333_BO1,204,203,200_.jpg"
507,"https://images-na.ssl-images-amazon.com/images/I/41UbkOAA5FL._SX331_BO1,204,203,200_.jpg"
508,"https://images-na.ssl-images-amazon.com/images/I/51Yp7vGFwVL._SX322_BO1,204,203,200_.jpg"
509,"https://images-na.ssl-images-amazon.com/images/I/2165D14334L._BO1,204,203,200_.jpg"
510,"https://images-na.ssl-images-amazon.com/images/I/51doOKD41LL._SX329_BO1,204,203,200_.jpg"
511,"https://images-na.ssl-images-amazon.com/images/I/51V843ymRcL._SX331_BO1,204,203,200_.jpg"
512,"https://m.media-amazon.com/images/I/313qhRqAD+L._AC_UY436_FMwebp_QL65_.jpg"
513,"https://m.media-amazon.com/images/I/51WGwdY+1aL._AC_UY436_FMwebp_QL65_.jpg"
514,"https://images-na.ssl-images-amazon.com/images/I/51p%2BvSl%2B4qL._SX323_BO1,204,203,200_.jpg"
515,"https://images-na.ssl-images-amazon.com/images/I/51xvXvIY28L._SX385_BO1,204,203,200_.jpg"
516,"https://m.media-amazon.com/images/I/51S+pbRVZyL._AC_UL640_FMwebp_QL65_.jpg"
517,"https://images-na.ssl-images-amazon.com/images/I/31uF%2BuWDFpL._SX324_BO1,204,203,200_.jpg"
518,"https://m.media-amazon.com/images/I/81E1geR07jL._AC_UY436_FMwebp_QL65_.jpg"
519,"https://images-na.ssl-images-amazon.com/images/I/41nuuzeZB0L._SX369_BO1,204,203,200_.jpg"
520,"https://m.media-amazon.com/images/I/51gEWTQpAcL._AC_UL640_FMwebp_QL65_.jpg"
521,"https://pictures.abebooks.com/isbn/9780898153507-uk.jpg"
522,"https://images-na.ssl-images-amazon.com/images/I/51IUPATeLBL._SX348_BO1,204,203,200_.jpg"
523,"https://images-na.ssl-images-amazon.com/images/I/512cHM8cxRL._SX376_BO1,204,203,200_.jpg"
524,"https://m.media-amazon.com/images/I/81DHWvYrgOL._AC_UY436_FMwebp_QL65_.jpg"
525,"https://www.ottogroup.com/media/img/dossier/HalloZukunft/weblication/wThumbnails/GB_Cover_EN_2017_2-8ed3a7bd842aaabgb1606e5642f8e586.jpg"
526,"https://m.media-amazon.com/images/I/61yGiI+eMoL._AC_UY436_FMwebp_QL65_.jpg"
527,"https://images-na.ssl-images-amazon.com/images/I/51vN%2BFrtsAL._SX336_BO1,204,203,200_.jpg"
528,"http://books.google.com/books/content?id=KrmsAQAACAAJ&printsec=frontcover&img=1&zoom=1&source=gbs_api"
529,"http://books.google.com/books/content?id=2x0RAQAAMAAJ&printsec=frontcover&img=1&zoom=1&source=gbs_api"
530,"http://books.google.com/books/content?id=in2RuAAACAAJ&printsec=frontcover&img=1&zoom=1&source=gbs_api"
531,"https://images-na.ssl-images-amazon.com/images/I/41PRH9N0JSL._SX348_BO1,204,203,200_.jpg"
532,"https://m.media-amazon.com/images/I/51eIMDetuXL._AC_UY436_FMwebp_QL65_.jpg"
533,"https://m.media-amazon.com/images/I/51eeiMQYxcL._AC_UY436_FMwebp_QL65_.jpg"
534,"https://m.media-amazon.com/images/I/51NZeKiPoWL._AC_UY436_FMwebp_QL65_.jpg"
