ISBN,Main Title,Sub Title,Author,Publisher,Book Cover,Designation,Subject Area,Publication Year,Language,CODE ID,Quantity 
9780141049113,You Are Not a Gadget,A Manifesto,Jaron Lanier,Vintage,"https://images-na.ssl-images-amazon.com/images/I/41IarMBrfPL._SX324_BO1,204,203,200_.jpg",STS,Technology,2011,en,STS01,1
9780241957219,Who Owns the Future?,,Jaron Lanier,Simon and Schuster,"https://images-na.ssl-images-amazon.com/images/I/51mLWF8%2BuyL._SX324_BO1,204,203,200_.jpg",STS,Technology,2014,en,STS02,1
9781847923523,Dawn of The New Everything,A Journey Through Virtual Reality,Jaron Lanier,Random House,https://images-na.ssl-images-amazon.com/images/I/91JdsauEtLL.jpg,STS,Social Science,2017,en,STS03,1
9780262540674,What Computers Still Cannot Do,A Critique of Artificial Reasons,Hubert L. Dreyfus,MIT Press,https://mitpress.mit.edu/sites/default/files/styles/large_book_cover/http/mitp-content-server.mit.edu%3A18180/books/covers/cover/%3Fcollid%3Dbooks_covers_0%26isbn%3D9780262540674%26type%3D.jpg?itok=ivxJB1NC,STS,Artificial Intelligence,1992,en,STS04,1
9780465093656,Alone Together,Why We Expect More from Technology and Less from Each Other,Sherry Turkle,Hachette UK,"https://images-na.ssl-images-amazon.com/images/I/51GLXo7EelL._SX332_BO1,204,203,200_.jpg",STS,Psychology,2017,en,STS05,1
9780684833484,Life on Screen,Identity in the Age of the Internet,Sherry Turkle,Simon and Schuster,https://images-na.ssl-images-amazon.com/images/I/81iYVOjEpRL.jpg,STS,Science,1997,en,STS06,1
9780143109792,Reclaiming Conversation,The Power of Talk in a Digital Age,Sherry Turkle,Penguin,http://www.reclaimingconversationbook.com/wp-content/uploads/2015/06/Jacket-for-Reclaiming-Conversation.jpg,STS,Social Science,2016,en,STS07,1
9780262516778,Evocative Objects,Things We Think With,Sherry Turkle,MIT Press,"https://images-na.ssl-images-amazon.com/images/I/51c1JPPMN1L._SX334_BO1,204,203,200_.jpg",STS,Social Science,2011,en,STS08,1
9780262701112,The Second Self,Computers an the Human Spirit,Sherry Turkle,MIT Press,https://mitpress.mit.edu/sites/default/files/styles/large_book_cover/http/mitp-content-server.mit.edu%3A18180/books/covers/cover/%3Fcollid%3Dbooks_covers_0%26isbn%3D9780262701112%26type%3D.jpg?itok=DlD8idEU,STS,Psychology,2005,en,STS09,1
978046503142,CODE,"And Other Laws of Cyberspace, Version 2.0",Lawrence Lessig,Basic Books,https://images-eu.ssl-images-amazon.com/images/I/61-JEGAMzhL.jpg,STS,Computing/Law/Current Events,2006,en,STS10,1
9780375726446,The Future of Ideas,The fate of the commons in a connected world,Lawrence Lessig,Vintage,https://m.media-amazon.com/images/I/71f+sEHP2cL._AC_UY436_FMwebp_QL65_.jpg,STS,Technology/Law,2001,en,STS11,1
9781092270915,Free Culture,How big media uses technology and the law to lock down culture and control creativity,Lawrence Lessig,Penguin Press HC,"https://images-na.ssl-images-amazon.com/images/I/514%2BDi5TQ2L._SX326_BO1,204,203,200_.jpg",STS,IT and Society,2006,en,STS12,1
9780143116134,Remix,Making Art and Commerce thrive in the Hybrid Economy,Lawrence Lessig,Penguin Books,https://images-na.ssl-images-amazon.com/images/I/71GA4Co7RlL.jpg,STS,Economics,2009,en,STS13,1
9781784784966,The Boy Who Could Change the World,,Lawrence Lessig,Bookbright Media,https://zdnet4.cbsistatic.com/hub/i/r/2016/03/01/62b9b7c7-1be0-4635-9c6a-f51257d19889/thumbnail/770x578/47608f639c7ada3c28902dd90f1774ba/swartz-book-thumb.jpg,STS,Biography,2016,en,STS14,1
9780062515872,Weaving the Web,The Original Design and Ultimate Destiny of The World Wide Web,Tim Berners-Lee,HarperBusiness,"https://images-na.ssl-images-amazon.com/images/I/511kcv3KjrL._SX327_BO1,204,203,200_.jpg",STS,E-Commerce,2000,en,STS15,1
9780596001087,The Cathetral & the Bazaar,Musings on Linux and Open Source by an Accidental Revolutionary ,Eric S. Raymond,O'Reilly Media,https://images-na.ssl-images-amazon.com/images/I/51rW7lsLAVL.jpg,STS,Computers,2001,en,STS16,1
9780066620732,Just for Fun,The Story of an Accidental Revolutionary ,Linus Torwalds,HarperBusiness,"https://images-na.ssl-images-amazon.com/images/I/41xNrr2ihFL._SX330_BO1,204,203,200_.jpg",STS,Biography,2002,en,STS17,1
*0716704633,Computer Power and Human Reason,From Judgment to Calculation,Joseph Weizenbaum,FREEMAN and Company,https://m.media-amazon.com/images/I/51z+F5Rqq5L._AC_UY436_FMwebp_QL65_.jpg,STS,Philosophy/Computer Science,1976,en,STS18,1
9781634000000,Islands in the Cyberstream,Seeking Havens of Reason in a Programmed Society,"Joseph Weizenbaum, Gunna Wendt",Litwin Books,https://litwinbooks.com/wp-content/uploads/2018/11/Islands-in-the-Cyberstream-Seeking-Havens-of-Reason-in-a-Programmed-Society-195x300.jpg,STS,Social Science,2015,en,STS19,1
9780306803208,The Human Use of Human Beings,Cybernetics and Society ,Norbert Wiener,Hachette UK,https://www.google.com/url?sa=i&source=images&cd=&ved=2ahUKEwivxO29l5PjAhWEbVAKHTSFDdYQjRx6BAgBEAU&url=https%3A%2F%2Fwww.amazon.com%2FHuman-Use-Beings-Cybernetics-Society%2Fdp%2F0306803208&psig=AOvVaw2z1Ngy3xdc00MSyNyMv4kk&ust=1562052046865836,STS,Computers,1988,en,STS20,1
9781882114986,"Free Software, Free Society",Selected essay of Richard M. Stallman,Richard M. Stallman,GNU Press,https://m.media-amazon.com/images/I/51fgPvci7CL._AC_UY436_FMwebp_QL65_.jpg,STS,Ethics/Law/Computer Software,2002,en,STS21,1
9780415253970,Understanding Media,,Marshall McLuhan,Routledge,https://m.media-amazon.com/images/I/919hiDxPoML._AC_UY436_FMwebp_QL65_.jpg,STS,Media/Information Theory,2001,en,STS22,1
9780226066233,Holding on to Reality,The Nature of Information at the Turn of the Millennium,Albert Borgmann,University of Chicago Press,"https://images-na.ssl-images-amazon.com/images/I/41r4CEtWOxL._SX331_BO1,204,203,200_.jpg",STS,Technology,2000,en,STS23,1
9780932633422,The Psychology of Computer Programming,,Gerald M. Weinberg,Dorset House,"https://images-na.ssl-images-amazon.com/images/I/518B8Q32VVL._SX327_BO1,204,203,200_.jpg",STS,Programming,1998,en,STS24,1
9780201835953,The Mythical Man-Month,Essays on Software Engineering,Frederick P. Brooks Jr.,Pearson Education,https://images-na.ssl-images-amazon.com/images/I/51WIpM70FEL.jpg,STS,Software Engineer,1995,en,STS25,1
9780201362985,The Design of Design,essays from computer scientist,Frederick Brooks,Addison Wesley,https://m.media-amazon.com/images/I/51XIhubapBL._AC_UY436_FMwebp_QL65_.jpg,STS,Computer Software Analysis/Design,2010,en,STS26,1
9780872203495,Plato Complete Works,,Plato,Hackett Publishing,"https://images-na.ssl-images-amazon.com/images/I/51MzSp6UPlL._SX331_BO1,204,203,200_.jpg",STS,Philosophy,1997,en,STS27,1
9780226405971,The Imperative of Responsibility,In Search for an Ethics for the Technological age,Hans Jonas,University of Chicago Press,"https://images-na.ssl-images-amazon.com/images/I/418ZHPXxwYL._SX324_BO1,204,203,200_.jpg",STS,Philosophy,1985,en,STS28,1
9780268037048,"Objective Idealism, Ethics, and Politics",,Vittorio Hösle,University of Notre Dame Press,,STS,Philosophy,1998,en,STS29,1
9780268030650,Morals and Politics,,Vittorio Hösle,University of Norte Dame Press,https://m.media-amazon.com/images/I/61cKxFuFEsL._AC_UY436_FMwebp_QL65_.jpg,STS,Philosophy,2004,en,STS30,1
9781107641143,Kant: Groundwork of the Metaphysics of Morals,A Critical Guide,Gregor/Timmerman/Korsgaard (transl.),Cambridge University Press,https://assets.thalia.media/img/36263607-00-00.jpg,STS,Philosophy,2013,en,STS31,1
9781107467057,Critique of Practical Reason,,Immanuel Kant,Cambridge University Press,"https://images-na.ssl-images-amazon.com/images/I/31SObU4N64L._SX331_BO1,204,203,200_.jpg",STS,Philosophy,2015,en,STS32,1
9780521657297,Critique of Pure Reason,,Immanuel Kant,Cambridge University Press,https://images-na.ssl-images-amazon.com/images/I/61wMzlVtcJL.jpg,STS,Philosophy,1999,en,STS33,1
9780199552467,Critique of Judgement,,Immanuel Kant,Oxford University Press,https://blackwells.co.uk/jacket/l/9780199552467.jpg,STS,Philosophy,2018,en,STS34,1
9780521398374,Political Writings,,Immanuel Kant,Cambridge University Press,"https://images-na.ssl-images-amazon.com/images/I/51GthmvousL._SX317_BO1,204,203,200_.jpg",STS,Political Science,1991,en,STS35,1
9781107086395,The Metaphysics of Morals,,Immanuel Kant,Cambridge University Press,"https://images-na.ssl-images-amazon.com/images/I/31AISyLBWTL._SX331_BO1,204,203,200_.jpg",STS,Philosophy,2017,en,STS36,1
9781624661174,Nikomachean Ethics,,Aristotle,Hackett Publishing Co,https://cdn.waterstones.com/bookjackets/large/9781/6246/9781624661174.jpg,STS,Philosophy,2014,en,STS37,1
9780415278485,Being and Nothingness,,Jean-PaulSartre,Routledge,"https://images-na.ssl-images-amazon.com/images/I/318LfoXM6CL._SX314_BO1,204,203,200_.jpg",STS,Philosophy,2003,en,STS38,1
9781107534193,Dilemmas,,Gilbert Ryle,Cambridge University Press,"https://images-na.ssl-images-amazon.com/images/I/61XQuBocckL._SX328_BO1,204,203,200_.jpg",STS,Philosophy,2015,en,STS39,1
9780674017726,A Theory of Justice,,John Rawls,Harvard University Press,"https://images-na.ssl-images-amazon.com/images/I/51UE32zAcgL._SX331_BO1,204,203,200_.jpg",STS,Philosophy,2005,en,STS40,1
9783150083482,Leviathan,,Thomas Hobbes,Cambridge University Press,"https://images-na.ssl-images-amazon.com/images/I/41LULT0WOEL._SX317_BO1,204,203,200_.jpg",STS,Philosophy,2017,en,STS41,1
9780465081899,Spheres of Justice,A Defense of Pularism and Equality,Michael Walzer,Basic Books,"https://images-na.ssl-images-amazon.com/images/I/51Eop%2B89vNL._SX331_BO1,204,203,200_.jpg",STS,Philosophy,1984,en,STS42,1
9780226151311,The Major Political Writings of Jean-Jacques Rousseau,,"Jean-Jacques Rousseau, John Scott",University of Chicago Press,"https://images-na.ssl-images-amazon.com/images/I/41HiYHmW3cL._SX331_BO1,204,203,200_.jpg",STS,Philosophy,2014,en,STS43,1
9781847923868,Illuminations,Essays and Reflections,Walter Benjamin,Penguin Random House,https://cdn2.penguin.com.au/covers/original/9781847923868.jpg,STS,Philosophy,2015,en,STS44,1
9789872207806,Readings in Classical Chinese Philosophy,,Van Norden/Ivanhoe,Hackett Publishing Co,https://m.media-amazon.com/images/I/717xR3zUVEL._AC_UY436_FMwebp_QL65_.jpg,STS,Philosophy,2001,en,STS45,1
9780415289771,The One-Dimensional Man,,Herbert Marcuse,Routlege Classiccs,https://images.tandf.co.uk/common/jackets/agentjpg/978041528/9780415289771.jpg,STS,Political Science,2002,en,STS46,1
9781784786793,Dialectics of Enlightenment,,"Max Horkheimer, Theodor W. Adorno, Gunzelin Noeri",Verso,https://cdn-ed.versobooks.com/images/000011/507/Dialectic-of-Enlightenment-front-1050-3b60fddebe32ee0679e180dfe91630b9.jpg,STS,Social Science,2012,en,STS47,1
9781555581237,The Unix Philosophy,,Mike Gancarz,Digital Press,"https://images-na.ssl-images-amazon.com/images/I/41a-xGhPJIL._SX331_BO1,204,203,200_.jpg",STS,Computers,1994,en,STS48,1
9780521636452,The Gay Science,With a Prelude in German Rhymes and an Appendix of Songs,"Friedrich Nietzsche, Bernard Williams, Josefine Nauckhoff",Cambridge University Press,https://assets.cambridge.org/97805216/36452/cover/9780521636452.jpg,STS,Philosophy,2001,en,STS49,1
9781521847107,Beyond Good and Evil,,Friedrich Nietzsche,,,STS,Philosophy,1886,en,STS50,1
9780415254083,Tractatus Logico-Philosophicus,,Ludwig Wittgenstein,Routledge,https://d1w7fb2mkkr3kw.cloudfront.net/assets/images/book/lrg/9780/4152/9780415254083.jpg,STS,Philosophy,2001,en,STS51,1
9781405159296,Philosophical Investigations,,Ludwig Wittgenstein,John Wiley & Sons,"https://images-na.ssl-images-amazon.com/images/I/41IhsTqZh6L._SX340_BO1,204,203,200_.jpg",STS,Philosophy,2009,en,STS52,1
9780521888981,The Cambridge Handbook of Information and Computer Ethics,,Luciano Floridi,Cambridge University Press,"https://images-na.ssl-images-amazon.com/images/I/51nmKwZcwAL._SX348_BO1,204,203,200_.jpg",STS,Philosophy,2010,en,STS53,1
9780471799597,The Handbook of Information and Computer Ethics,,Himma/Tavani,Wiley-Interscience,https://m.media-amazon.com/images/I/61h72QVZXzL._AC_UY436_FMwebp_QL65_.jpg,STS,Philosophy/Ethics/Technology,2008,en,STS54,1
9780062290700,The Question Concerning Technology and Other Essays,,Martin Heidegger,Harper Collins,https://i.harperapps.com/covers/9780062290700/x510.jpg,STS,Philosophy,2013,en,STS55,1
132308487,The Practice of Philosophy. A Handbook for Beginners,,Jay Rosenberg,Prentice Hall,"data:image/jpeg;base64,/9j/4AAQSkZJRgABAQAAAQABAAD/2wCEAAkGBwgHBgkIBwgKCgkLDRYPDQwMDRsUFRAWIB0iIiAdHx8kKDQsJCYxJx8fLT0tMTU3Ojo6Iys/RD84QzQ5OjcBCgoKDQwNGg8PGjclHyU3Nzc3Nzc3Nzc3Nzc3Nzc3Nzc3Nzc3Nzc3Nzc3Nzc3Nzc3Nzc3Nzc3Nzc3Nzc3Nzc3N//AABEIAKAAaAMBIgACEQEDEQH/xAAbAAABBQEBAAAAAAAAAAAAAAAEAAECAwUGB//EAEwQAAEDAwIBCAUHBgoLAAAAAAECAwQABRESITEGExQiQVFhkTJxgaGxFSNSU2LB0TNCVZKUsiRjcoKTotLh8PEHJkNFZHSDs8LD0//EABkBAAMBAQEAAAAAAAAAAAAAAAABAgMEBf/EACcRAAICAQMDAgcAAAAAAAAAAAABAhEDEiExE0FRBGEjMnGRwfDx/9oADAMBAAIRAxEAPwDlSBSpGl2V75kKnpqcUxkaekfXTYoLFTU+PXTYoGPT0wHrpUAKnpqegB6VIUqQBUDonOq6ccI09Xjxz4Ufmx8NWf16r5MOKb5Q29KcaXJDaFggEKSVDIINd026zP5b3Lk5OixnIDgUloBhKVMkIByCAD31z5MjizGrOGUqzBwbjSAdQ6+c7Y++oBdr0rzpzuG8a+OT/dVqJD0WzzIy1vJUt1sRzoVhSRr1YOMb5Hro2dIS8i4NNxnecfhsIaIZc1LUjm9W3AeirfHxp2OjPLln51OAkt432XnNM27aOtzgSRnbAX3n+731byjWqa90iOl1TCUpTktuAJIQkHOoYByDw+NHouS5t21RmpL8dphwJUwytTmpUcN9gJSNQ7u80W6sdGZzlo5w9QaCkadlcd8/dUEuWvm8KQnXqTnqq4bZ+/3VpCTBduEtC2XnVzyW1tpYPOMDTkdXByoLwerx0+JFDTFv6mWIq5kaQhhDZgBlwKKwBkgY/OI15O+9Ce46Kg5aNS9KcjHV6qtjUVO2vqFLQ08FHQrj/lmtF6VJRdI6ZSJ4Jt/MpadZcClOFkoJCSMnrb5oe4NynG2ENNz46lR0NCIqM4NakgBRTtggkau/NCY6B0u2oOqK2hzZ9Ec2rIqznbQNP8HPW4fNnerLutydykU6xDkysPFwxiy5q06s6VJOcbccbUQ9LMUuPPNzVxpE5p5pbzCkhnSolQBO2rHVwnbb1CnfA6MW4qjKdT0RsoTp3BTilVl7U87PcfcYdabeUVs84hadSCSQRq7N+zalWseBkuTp/wBYbZ/zbX74roeVF1+SuVl6ciNHprp5sPqXs0lSE5KU49LxJrnLG8xFvEOTJWpLTDyXVaUaidJBwB7KL5WTYt0vki4QluFuQQrQ42UqRhIHt4Vi43k34ox7GlcIyZfJXk/rnR44Sl/AfUrf5zswDwrXaJRy35NJDocAtjQ1oJwrqObjNcpc50aTYrTDZLvPww6HMowk61Z2OeytVm+29u/2a4DpJZgQ0MOpDI1KUkKGRvw63urNwlX3GmCsqUeQk8ajj5Tb7fsGo8oNdtt1kiRlqbbXDTLcKDjW4tR3OOOAAB3Uocy2iwy7XKcmJU7MS+hxqOFAADGCCoVKXOt1yt8eHJExhUHUiLIDIWXGic6Vp1DBB4YNUk091tf4Ks3Yz8SdEs0y6PcxIuUORAcldoWlQShZPftgnxrOlQZtnsN4XLUenolMwS6DuGQjUNJ7lDSPUMVmPzYU1luC4iWxDix+birDQWoLKwpalDI9LrDAO23jRi+UTcpcuHNjS1219hllJAHPIU0AEudxJIORmo0ST2/dxphHJZ5U6xTY0pRWIMiNIjKUclslwJUB4EdlHyZwavkqC87zi3uULbjDerPNBKyFK+znIGPXXPRZ0e3siLCTMcadktOyXlshKlJbVqShKcnt3JJ7qjIntOcrTd0syxHMwSSgtDWOtq08ce+m8eqTfb+Ds37JFio/0iuOoukdx0zJJ5hLToVkhzIyUads9/ZWRyTQm82yTyffd5sbS4zh35tSdlj2pJ8qjbbqxE5XrvRjTVxy+68lsNjX19Wx3xtq7+yhuTctqz3MyXo8x1nmXG0hDQ1HUnGTk4GM03B0/ogsBukzp852QlOhs4S0j6DYGEp9gAp6FUgt4BCgMbak4J9lKuqKpUFhdqktRJKnHydOnGwzvkUcq6MqQ+kPrHOej1T1D/lj25rDPDc0wUO8VDgnyYGyq4tnI6Q5g6xsCNlZ7u0dXHtp/lFoqGZDp+1pIPEY24cBWLkd4p8jvFLpQGkayLg0kFJkOnPA4PV4bj/H30yp7Z0EPu5TgHqnC8BW537cjh+FZO3eKVHSgVRtOXSOp0uBTmnIOgp2IAOQfcfZUGLiw2tWXHlgp0jI4bAd/gayNqbTvR04jUTVantpSkF10kJA3Rxwonv4EbVJVxZO4W8g5BTpSAB6W2M7jrVlAHuNLSr6J8qOnAKRpm4sEEJcfwU4wpOQDtuN9uFP8osc4VhTwysKxpG2PbvxPu7qzNCvonyNOG1n8xf6po6cB6UGXSY3NcQttKhpTjrUqDKFJ9JJHrGKVaKuwbG1yZccZVcnGHFtOphHS4hCVqSS42MpCticE8aPemX22uIRKvzklte+FRRHeQPs4SpKvh9oVn2VQaZuqynUEwSop1ac4cb2z2VuX3p14trDcGOhxSG9aUABxej6QUFHVkjjgHbevM9QrymWqjFjcqJzkpMdV3lFaVYLQ0MvK/mKThXhpNZjHLG+G8JaVeJio6ntGlSUpOCcZOBseHaaFvbN0hxENTY7iUOpPNpcORjtOk8BWXZmH3brFi7EBxKjxIABycd3A1Gmn5LT2PRVXW6jhc5f9JVS7vdx/vSZ/S1JaMUOtPhXYoQ8E2x1Xm8fpacPU+arN6vP6YuA9UhX41BYAqhQxVrHDwO2Xqvd67Lzcf2pf41Uq93v9NXL9rX+NVFNVKFNY4eEFlyr3ev01c/2xz8agbxelbC9XU+qc7/aocpo63qXHSp1kddW3OllSg2O3BHb7PKs8zx443pKse6vSpNls7k59997+EpK33FOK2dOASd6VNM61jtJyPSk8Bj/AGvdSrT07+GgY9twiHeFFBXiAo6BxV843tXOSLwG1KagFZYzqLM5CFaV+Hj4jBrq7OgFFySSAFQyOsMj8o32ZHxFRetMQuBbklLmDnSGdvVgqNc2VXNkI4HXLlPkqDkhxeN3Dzh8Nyc11HJxhFrQt11sKkrHZjCE91bweiNt6ExoyR/Ft6T8TWZPZjPjKHno6u9pY+B2ox44x3Y3b4NA3BpSd0qB7qyhcX1THAlOWQPSWjHW24e+q2mmm1jMxxzHYtA38sUWpmK62kJUUHtUnifOtai5JiSaKVTHT+cPKqTJd7VGrlwmgTiY5p7lJSaDkIiMlJE5ausAsLcQgAdv5p3q3kS7BpZd0lfbg+yn6QkndJFJ67cmYqBtIlOY4JXsfaMCsx7lXDB/gtlZT3F1wqIqX6iCHpZpc+3nifKiI9vXeEqaMta1N4LDaxrQkdudtQ7eArip91kzHdWUtJ7ENDSB5VXEmc0sh9JebVxBO49Wcjzrlz51PhFaWehSmC1YrU0XWndC5I1snKT872GnquO43I5L2d1nXoUqTp1gA/lO3G1Kuv07+GhMMtTa3G7khvTrVDITq4Z5xvGaFlcnb+6Tpm29lP2SrPvBrQs2wnn/AIQ/9xutJx5eOqQPZmsJ/OwjwcU7yRveetdI+/8AGK/ChneSlxaBLt2jJHeXFfhXWy47khJCpj7Y7S3pHxFZU3knGDCJUkTX2nDssvjBrKVR7jOaXAWwcDlDAJ7g8T91VkTOCb1CUO7n8fFNdPH5M2dTbi+huYaTqc1ukaR38eHjVyLBZ0AaYDRHeolXxNEblwxpHGrgXJ/hJae/kS0H76pTYbktaUoilSlHA0rSfvrvRbbY2erBjD/pCn5mMgKDTDbZIxlCACKrotjo88mWqTHeS0NMhak6tMcFZT6xiqk26etQSIUrJ72VD7q7hqztNSukplSA5nc6hk+HCiJUstpcDYcOB1wkEAA8CVA7b/Csp4XGN9wujhjY7oGudEF5TeQkrSNQB7jikiyXJfCG77cCtW63MJicwxIWSs5dAVkZ7we/2Vs2u5NyYbPOPtl8p6ydQzmjFj1bSCwq3R3Y3JKzsvo0OIXKCk5zj53NKtB3rWW3Hf8AKyf3xSrvwqoJES5LbYMN3DHHoav30VYXsJ4jGM09rZceRPaZQVuriKCEJ4qOpJwPKpG33E7C3y8b/misZNKbsUeCJVhnni248ELA5poHUvOdhjfPs9orNkpmKQEzkyWGBkoMpKsertPuou4W+7Px2ozdsmIAcLinUBlWTgDdLmeGOzFHyLfIdsnMItR6UjJSvQhtXq2UR7wK5Zq5CbZxs65tR7a+lmS5rcGhAS4QN+OUqwcYz2U/JWc47GcjOlR5rBQc56p7M+uh5vJflTOe1v2t0JT6KOkNcP16O5Ocl71Bffck21xAUAEDnmTnf+XV46jItGoV9hI796gVA9pUBxor5NuY2TbXPXzzI/8AOoG2XUnPycrPjJZ/t11a4+SgXf8AwKDuEZcpvDUlxhWMEoJGR41rfJN07YflIY+9ymVa7kPRt+/jLjf/AEoc4PliZxDvJ+YlXULSv52Kq+Q54OClsY7dYruHLZdj6Nv8psUf+2ofI92G/QgPVOi58y7UVj8gK2MuM8lbU26vWtLsnKs5z1waatBcd2PaILEhKUPBx9RQHkOFIKk4yUEjf101a4fkIfJRpB4jNPoH0R5VXMSS0kAZ+db/AHxUVIf6alwA81goIz3jOrzGKdmRdoT3DypaB3DyqqKyptx/UCE6/m8/RO5/rE+VJ5lS5bCwnKUIXnYHfq4+Bosdl2kdwptI7h5VYBuDis6NFkNwXmdBS4pII623ogY8OHvzTbHYbpHcPKlgccCqExiUyeottDyQAhOARtuR2Z/CoOMOqaiamwVIXlYSEgDqqHDOOJG34Ur9gsK0gUsUNLjvOPKcZIxpSgpUdljJz7Rsfd27O+wtU9l5AGlI3Jx4+3tov2HYRgeFLSPCqY7SkS5DhTgLIIVt9FI9fEGh2IjyIT7OEpcWjqkKwM6cYPlx8aLfgA8YxtTVGMlWXCWktpJGlIxngM5we+lVCsIcZQ4nSsZGc8cVAQmMfk/6xozTT6amzMC6Ex9X7zS6FH+r95o3TS007AC6FH+qTS6FH+qTRukUtNFsYF0KP9Umm6DH+pTR2mm0Ci2AGIUf6pPlS6FH+qR5UZppaaLAE6HH+pR5Uuhx/qW/KjAmloosAZthDeebQlOeOBxpUUE0qLA//9k=",STS,Philosophy / Methodology / Reasoning,1996,en,STS56,1
9781138910591,Introduction to Logic,,Harry J. Gensler,Routledge,"https://images-na.ssl-images-amazon.com/images/I/51kkRrwNJoL._SX349_BO1,204,203,200_.jpg",STS,Philosophy,2016,en,STS57,1
9780141030623,Here Comes Everybody,How change happens when people come together,Clay Shirky,Penguin UK,"https://images-na.ssl-images-amazon.com/images/I/51a113vWP8L._SX324_BO1,204,203,200_.jpg",STS,Business & Economics,2019,en,STS58,1
9780745624105,Liquid Modernity,,Zygmunt Bauman,Polity Press,"https://images-na.ssl-images-amazon.com/images/I/41vc5C8zYnL._SX331_BO1,204,203,200_.jpg",STS,Social Science,2012,en,STS59,1
9783948580032,Parallelwelten,We are now in a different world,Martin Recke,Next Factory Ottensen,"https://images-na.ssl-images-amazon.com/images/I/31MfkGhgZFL._SX338_BO1,204,203,200_.jpg",STS,Philosophy/Critique of Technology,2019,en,STS60,1
9780470876411,Business Model Generation,,Alexander Osterwalder,John Wiley & Sons,https://m.media-amazon.com/images/I/51QusbI63IL._AC_UY436_FMwebp_QL65_.jpg,STS,Innovation,2010,en,STS61,1
9781473610255,The Cyber Effect,A Pioneering Cyberpsychologist Explains How Human Behaviour Changes Online,Mary Aiken,Hachette UK,"https://images-na.ssl-images-amazon.com/images/I/41eiZGlyyCL._SX329_BO1,204,203,200_.jpg",STS,Psychology,2016,en,STS62,1
9781104437326,The Psychology of the Internet,,Patricia Wallace,Cambridge University Press,"https://images-na.ssl-images-amazon.com/images/I/51T0xcWjwZL._SX328_BO1,204,203,200_.jpg",STS,Psychology,2016,en,STS63,1
9781107569942,The Psychology of the Digital Age ,Humans Become Electric,John Suler,Cambridge University Press,"https://images-na.ssl-images-amazon.com/images/I/51lE8zgnN8L._SX331_BO1,204,203,200_.jpg",STS,Psychology,2015,en,STS64,1
9781107477575,Cyberpsychology and the Brain,The Interaction of Neuroscience and Affective Computing,Thomas D. Parsons,Cambridge University Press,"https://images-na.ssl-images-amazon.com/images/I/51CStNVYY2L._SX329_BO1,204,203,200_.jpg",STS,Psychology,2017,en,STS65,1
9781137517029,Applied Cyberpsychology,Practical applications of cyberpsycological theory and research,"Alison Attrill, Chris Fullwood",palagrave macmillan,https://m.media-amazon.com/images/I/61790Xu8mWL._AC_UY436_FMwebp_QL65_.jpg,STS,Psychology,2016,en,STS66,1
9781848721661,Cyberpsychology and New Media,,Andrew Power,Routledge,"https://images-na.ssl-images-amazon.com/images/I/51xkqo8iAhL._SX331_BO1,204,203,200_.jpg",STS,Psychology,2013,en,STS67,1
9780062469670,"Elon Musk: Tesla, SpaceX, and the Quest for a Fantastic Future",,Ashley Vance,HarperCollins,https://m.media-amazon.com/images/I/91G00NOgKYL._AC_UY436_FMwebp_QL65_.jpg,STS,Biographies,2015,en,STS68,1
9781847941862,WTF?,What's the Future and Why It's Up to Us,Tim O'Reilly,Penguin random house,"https://images-na.ssl-images-amazon.com/images/I/51HtRSB-fSL._SX324_BO1,204,203,200_.jpg",STS,IT and Society,2017,en,STS69,1
9780393339758,The Shallows,What the Internet is Doing to Our Brain,Nick Carr,W. W. Norton & Company,"https://images-na.ssl-images-amazon.com/images/I/51WE7KUmdpL._SX331_BO1,204,203,200_.jpg",STS,IT and Society,2011,en,STS70,1
9780394749976,Vegetarian Dishes From around the World,,Rose Elliot,Pantheon,https://m.media-amazon.com/images/I/31G9QPPPNBL._AC_UY218_ML3_.jpg,STS,Cooking,1981,en,STS71,1
9780743276641,The Emotion Machine,"Commonsense Thinking, Artificial Intelligence, and the Future of the Human Mind",Marvin Minsky,Simon & Schuster paperbacks,"https://images-na.ssl-images-amazon.com/images/I/51Sy-K4yt2L._SX331_BO1,204,203,200_.jpg",STS,Artificial Intelligence,2006,en,STS72,1
9783492236232,Vita Activa,oder Vom tatigen Leben,Hannah Arendt,Piper Verlag,https://exlibris.azureedge.net/covers/9783/4922/3623/2/9783492236232xl.jpg,STS,Philosophy,2016,de,STS73,1
9780141982496,Why Grow Up?,,Susan Neiman,Penguine random house,https://m.media-amazon.com/images/I/41lWbCRu0LL._AC_UL640_FMwebp_QL65_.jpg,STS,Philosophy,2016,en,STS74,1
9780099526278,Moral Clarity,A Guide for Grown-Up Idealists,Susan Neiman,Princeton University Press,https://images.thenile.io/r1000/9780099526278.jpg,STS,Philosophy,2011,en,STS75,1
9780394703909,The Technological Society,A penetrating analysis of our . technical civilization and of the effect of an increasingly standardized culture on the future of man,Jacques Ellul,Createspace Independent Publishing Platform,"https://images-na.ssl-images-amazon.com/images/I/41KlLfS09cL._SX291_BO1,204,203,200_.jpg",STS,Sociology,1964,en,STS76,1
9780241237199,Life 3.0,Being a human in the age of Artifical intelligence,Max Tegmark,Penguin UK,"https://images-na.ssl-images-amazon.com/images/I/513%2BbvpaPEL._SX319_BO1,204,203,200_.jpg",STS,Artificial Intelligence,2017,en,STS77,1
9780198739838,Superintelligence,,Nick Bostrom,Oxford University Press (UK),"https://images-na.ssl-images-amazon.com/images/I/51pAJxXbIAL._SX327_BO1,204,203,200_.jpg",STS,Artificial Intelligence,2016,en,STS78,1
9780753555200,Zero to One,"Notes on Startups, or How to build the future",Peter Thiel,Virgin Books,https://m.media-amazon.com/images/I/71uAI28kJuL._AC_UY436_FMwebp_QL65_.jpg,STS,IT and Society,2014,en,STS79,2
9780307390998,The Master Switch,The Rise and Fall of Information Empires,Tim Wu,Vintage,"https://images-na.ssl-images-amazon.com/images/I/51KhPG%2BRhgL._SX316_BO1,204,203,200_.jpg",STS,IT and Society,2011,en,STS80,1
9780715635612,The Singularity is Near,When Humans Transcend Biology,Ray Kurzweil,Gerald Duckworth,"https://images-na.ssl-images-amazon.com/images/I/51XV6ZJRPDL._SX332_BO1,204,203,200_.jpg",STS,Artificial Intelligence,2006,en,STS81,1
9780143039884,Eichmann in Jerusalem,A report on Banality of Evil,"Hannah Arendt, Gershom Scholem",Penguin Classics,"https://images-na.ssl-images-amazon.com/images/I/410cnlPnD7L._SX325_BO1,204,203,200_.jpg",STS,History,2006,en,STS82,1
,--complete works--,,Wittgenstein,InteLex,,STS,Philosophy,1998,en,STS83,1
9780753541647,Lean In,"Women, Work, and the will to lead",Cheryl Sandberg,WH Allen,"https://images-na.ssl-images-amazon.com/images/I/41BsO3sk0ML._SX314_BO1,204,203,200_.jpg",STS,IT and Society,2015,en,STS84,1
9781118441541,Startup Communities,Building an Entrepreneurial Ecosystem in your city,Brad Feld,Wiley,https://m.media-amazon.com/images/I/516Q01jfsOL._AC_UY436_FMwebp_QL65_.jpg,STS,Build Startup,2012,en,STS85,1
9783948580032,Parallel Welten,We are now in a different world,Martin Recke,Next Factory Ottensen - NFO/O3/PW,"data:image/png;base64,iVBORw0KGgoAAAANSUhEUgAAALkAAAEQCAMAAADbFyX8AAAAilBMVEUAAAC8sau9sqzAta+nnZm6saohIR+1qqRKR0SDfHipn5m/tq6RiYRYVFB6cm1APDsJCQc4NTOblI1PSkmakIuKgn0pJiRmYF1UUE4YFhVEQj89OTaLhH4PDw9gXFhya2YtKyocGhhqY1x1bmmuop1/d3Sfl48lJCJPS0ePhoNVU04gHRonJyRDPzuGi3SxAAAIHElEQVR4nO2dDXeiPBOGk0w14UtFERCUjxWrbdf///feBBUiYbvt+2wFz5nr9KztdHRvYzIkkyElBEEQBEEQBEEQBEEQBEEQ5D8iSFJ8iFhERVoUJPK9uVgVfpothhb2V9Ze7nm/8uNJRDNBrCz3vXIfZWJoXX8n9t6jSMTleR6LFcnOeZJlYuVF429zBEEQBEEQBEEQBEEQBEEQBPk58qBm/6EbwyA43HlFy9prdryzlkFg/bzCP2EBpYwymOi7FBGwyUb3mikvxoDGujUDRqcPUdmHpWSDFDYpWqNNqZPpXrObF2heZCl/jh6isg+LQbT5KF4ZWze2o2rhQPeaMbaXXkuqeZGNdKOvD1PaRSr35MNvoFVj2zMpCXSvGYNf8qFg9KU1Rko5Cx8k1OCqXLYfb2w25Qd21w8a5UxT/sqUW/4opV2kcjXqDqztHj4w12dsqXnJ3pLvNkXAmNvYCsqW8g13ustpTbrEpkk+OzBMs++NGTlCX5avNqN109fIhswIp1TrB9cROqHOvLHlID+W6n7MEpLch1OFmPX8v0fz7fzyevw+VV4D7StVVMY6664fzK5eVIs4NoWp+jD6dD0CqRwcx7HbT+oMVHaUFPTBKJXbLqe6yrDuKL78xQPV6ljM8boWqdINZNgoGttMDdhYjuKFZqKV67rSLX2Q1A7XEarBVaxTvYO13WVW951Kv/DYjZvZsx/CNSq2JECZ7D6ODNZtd7koz5w2dKatW0UGwVC+lqF7GoZhybWwcVGuGj1rnsf2H9JtKm1zMgQW3PfzBb/NouRbaAbkDGrlOTRXIs4mv68vwPri9c8zq/hdP1/x6nqxSXjVXC1yzuseblf8MqecN79MeTXc3AVBEAT578ys9cY0daoF/bV1Ya1f7yJr7f+0vE+wAbopiwpgd28RDrsAembGBVj9tLxPeKGGcrnY6CpXmQ5TOXsK5UF6liSFZn0O5dqauwGVH8xkz7kni+J3lspf7S3VWrK9mwn3K49i0/Ypi1czQsU9DSU6ti+P0Dq2UN3ar/zw6yty/wFfjy01uvU5+jld+qlCtz6Hcowt/xCpvDtvse9z1+QT5UPeyPFC6cuLbb/YbabIptSuTU1Qlf2cKy/b3mtPdRmtauPbIwU32NckKbyZpmaSIhzDRGrlNWyYrIE9ueBsDZOmHG5ed8qdqxXzHQiCID+GtV1f5h7xdttkGortenuhXXIc1m75eHmfUMF1Z8uCdldoDrfkQ6A5GjOuYQkou+yebLVp0Zxdlzaa8p654rBIwaf6m0DbJ5LKbV8lH87tym90ymdq73zNU1JR1sxipXJjijE65RGwPeGwJ1SrvpjflYdcGF75wrrLWsi1wNpXTQzavrhUzuvQok2o+5UnZhmA2JtufRUL0fcqFqTyoNB/LIC95VKofGxHYz1C5ayUOa1jv/LT1jD1V4ksDdM3q0QMNkCDgFJnT1nbwEp5nXv4q/Ih4RNO+YzdVVao2BL6itZvfMrVksxO4a4u7iliC1kyyiwykR2mzfONM7Z0cevKKLmyd86N7Q9tvuvahkVVPoWqPmfSTqhUVFRZBrtq44R8b1VtGrDC9Z6oLl1cyY7e2ua3Oi5t3tKkKMw4OBAxqHA4Zay9hLbKtYyVfUuajEY5giAI8lPYt5wBuyuLbMoYbmsXD6C+UOw40HGc7XS7WqlLra6c0kl9EWuVXzIOO66X/g6Jq+Y1tJ7zVNqellReb7bYt7mEd62lHY9yhe/Q7srN6dbyKuXqQ3lO5ax6CuV8sVHcDFI5p5B/U/mOm7XMkbECkq9uFvd73DBlhlevcsoV9Lan7gGzXhnfLb7X5u/m0ibs2SL+OBmmqen22zD1K59QtYenK/cBZmT8vYXWoYXfUgmeKgV3GTuOX7kxQqXygjG3ekrl5KBuZ3tK5Rv+BMr5PFHcotpFOclh/Mppd8Z1uVmjGplyMJT3zBXX18cRKQ/dbTeB7q6v3HKuyfbtksQ8bK3xKEcQBEEQBEEQBEEQBEGejMUpyqMn+OM+XbJX53Ib5/J9aCnfIrUBeHA4WAEHeC2GlvN1IgD7trcdVQ797v3Ig1HXbbdYAOYu3ChJwbkvQs6dyWBHD36LCrrpbQue4h7CDMy9Ze48Q3h8BbPUPoKeW4DHxg7MvXsynfQYx8apqbQtN5umKtvWznu8GYsN8Y9G3XZBiq7pQURwuwE7C0Uabki48ctyC6ePYlfsptNp6RchmU5J6fl+4pXT4hgei3JFwulHWYa+2Hz3vo5/Rd4cLifOkTgdhVecotSCd09481j+lPixt3j3drGIV+Ep9jMvyU7+imTeOfayJI2Hum5Fzd3WH77wE3Ly5gtv4YLwYz8pPEHmfip22byM58kpCePjURSpKM7Ei8sk9f3UG+hgSJKAeYiq6uc916IiPZvG4Vj0bfr+pk8QW0jQc7Tzfjx1/J8Qg3maZlumNGpeoXuLh/sMl1CiTknuTLks4OO6TfiPrEA7oJgsXOc5+opCcOD55SD8cDYB/jTCCTkuHaAv7ltQUQC3e57MuElcuXaWy/9q0EP4/k9+izh5jlUcgiAIgiAIgiAIgiAIgiAIgiAIgiCPJC5iP8124pgkqXdO4lVC4tSLz6tVEZ+TUyFd5r7w49KPfTEV4iTGcpJAFHlCnIl3yr0iPcV54hHPF/MijvM4P0fZZhWKPEtE7K9WWZH5+VB/iriH6W5RN+NmRxbya0FK9c+UkHLxQW4NXKqvzViaG0EQBEEQBEEQBEEQBEEQBEEQZCj+B1EYdgXEhoflAAAAAElFTkSuQmCC",STS,Philosophy & Critique of Technology,2019,en,STS86,1
9780195102864,Vision of the Future,"The distant past, yesterday, today, and tomorrow",Robert Heilbroner,Oxford University Prss,https://m.media-amazon.com/images/I/81T2SNa1TnL._AC_UY436_FMwebp_QL65_.jpg,STS,Economics/History,1995,en,STS87,1
9780674986824,A Natural History of Human Morality,,Michael Tomasello,Harvard University Press,"https://images-na.ssl-images-amazon.com/images/I/31fEDcXdEQL._SX327_BO1,204,203,200_.jpg",STS,Psychology,2016,en,STS88,1
9781846943171,Capitalist Realism,Is there no alternative?,Mark Fisher,Zero Books,https://m.media-amazon.com/images/I/51oEjGD+juL._AC_UY436_FMwebp_QL65_.jpg,STS,Philosophy,2009,en,STS89,1
9780300122237,"Nudge: Improving Decisions About Health, Wealth, and Happiness",,"Richard Thaler,Cass Sunstein",Yale University Press,"https://images-na.ssl-images-amazon.com/images/I/41kozI-eXBL._SX332_BO1,204,203,200_.jpg",STS,Psychology,2008,en,STS90,1
9780465068784,The Reflective Practitioner,How Professionals Think in Action,Donald A. Schön,Basic Books,"https://images-na.ssl-images-amazon.com/images/I/41trpUuHRiL._SX338_BO1,204,203,200_.jpg",STS,Psychology,1984,en,STS91,1
9781603580557,Thinking in systems,a primer, Donella H. Meadows,Chelsea Green,https://m.media-amazon.com/images/I/61npQHfWgAL._AC_UY436_FMwebp_QL65_.jpg,STS,systems thinking,2008,en,STS92,1
9783738628494,Forschen lernen,Tipps zum wissenschaftlichen Arbeiten,Martin Gertler,Books on Demand,https://images-na.ssl-images-amazon.com/images/I/41KsQ1NNkjL.jpg,STS,Library/Information Science,2015,de,STS93,1
9780393352177,Data and Goliath,The Hidden Battles to Collect Your Data and Control Your World,Bruce Schneier,W. W. Norton & Company,http://books.google.com/books/content?id=MwF-BAAAQBAJ&printsec=frontcover&img=1&zoom=1&edge=curl&source=gbs_api,STS,Security,2015,en,STS94,1
9780804170048,The Attention Merchants,The epic Scramble to get inside our heads,Tim Wu,Vintage,https://m.media-amazon.com/images/I/81IUVSwJGvL._AC_UY436_FMwebp_QL65_.jpg,STS,History/Economics,2016,en,STS95,1
9783981402407,Jetzt Neu,Wie wir eine kreative(re) Gesellschaft werden,Thomas Ramge,epubli GmbH,"https://images-na.ssl-images-amazon.com/images/I/41HIHChv9QL._SX328_BO1,204,203,200_.jpg",STS,Economics,2010,de,STS96,1
9781376153507,"Hind Swaraj, or, Indian Home Rule. With the Latest Foreword by the Author",,"Mahatma Gandhi, Anthony J. Parel",Creative Media Partners,"https://images-na.ssl-images-amazon.com/images/I/4136qq%2BnopL._SX331_BO1,204,203,200_.jpg",STS,History,2018,en,STS97,1
9780822332930,Modern Social Imaginaries,,Charles Taylor,Duke University Press,https://m.media-amazon.com/images/I/41FmTtLdhdL._AC_UY436_FMwebp_QL65_.jpg,STS,Philosophy/Social Theory,2004,en,STS98,1
9780226925226,Excommunication,Three Inquiries in Media and Mediation,"Alexander R. Galloway, Eugene Thacker, McKenzie Wark",University of Chicago Press,http://books.google.com/books/content?id=9X_GAQAAQBAJ&printsec=frontcover&img=1&zoom=1&edge=curl&source=gbs_api,STS,Media Studies/Philosophy,2014,en,STS99,1
9780061316869,On certainty,,Ludwig Wittgenstein,Harper Torchbooks,https://m.media-amazon.com/images/I/71fd2brGK8L._AC_UY436_FMwebp_QL65_.jpg,STS,Philosophy,1972,en,STS100,1
9781614277064,Homo Ludens,A Study of the Play-Element in Culture,Johan Huizinga,Roy Publishers,https://images-na.ssl-images-amazon.com/images/I/81ppLHjddVL.jpg,STS,History,2014,en,STS101,1
9780691160887,Addiction by Design,Machine Gambling in Las Vegas,Natasha Dow Schüll,Princeton University Press,https://m.media-amazon.com/images/I/41fvoWQfwfL._AC_UL872_FMwebp_QL65_.jpg,STS,Health,2012,en,STS102,1
9780262037150,Building the Intentional University,Minerva and the Future of Higher Education,"Stephen M. Kosslyn, Ben Nelson, Bob Kerrey",MIT Press,http://books.google.com/books/content?id=CLQ5DwAAQBAJ&printsec=frontcover&img=1&zoom=1&edge=curl&source=gbs_api,STS,Education,2017,en,STS103,1
9781292061238,Ethics for the Information Age,,Michael J. Quinn,PEARSON,"data:image/webp;base64,UklGRkYdAABXRUJQVlA4IDodAADwcACdASq9APAAPlEijkUjoaEUuV4sOAUEo7fLsB3kWjyb67/d/lj7QNsf0X934a/kfHb6Q84H+99Y/mG8/vze+bX/t/XPvV3o09NfPvuhv3d7bew9/jeNDrTzO+uT6D81fir/bf8/x3+U3+N6inr//J+m9GDcO+3n2n/a/nJ6IX9p6afYH/e/l19Af8u/pf+f/Nj4q/5XkUffP93+x/wD/0D+wf7L/Jflx8pH/Z/r/R/9Qf+n/SfAV/Of7b/w/8B2q/3g9mb9u0bbhFeW4koIf9HvK/YFLwmQh7eVIP9/y5QriHuCVdAeZPimfIE6yWYMdRP+fp3KfhhQaEsy5g90n642VRbg/wtRFA7CQcJDlM74T97E4jBV+bjTFv7RMeaaqihMqA7TiQAyrQpzExIJvDrTDtLBSEYqf4ELs4W/F6jVMImndLyq78u0J+XE0qNSI730Cyu/mpWmISCx7/HB/O00MjwQ+kNQaqqsx/xHa+0nXytZTRy+//nj2Kw0PtvrIWhIgED3zAvlmXZGwnmBkwyLaXhs7VFUkh9mLNhfHlizxPk1gyVhKeMZ23YchDdjAzxoCJLCJMEWTfWR+P2k57Oq6FCORYLPAiArADrXM/F4vhDdDAl9lxF1QcCX8n+kLVUnwOZ0udniPrO9v72IINt09g2vaAWyycFauwN58KtAh2ZM8k0jupkjychCHefPXzsKeWNVShKYdbdmYi4YcPAK3OnF0yNUMXNoBj1zVVuyZkbFZDynqHr6H2TV87umKYUOJNqijomJxLQbAfZKISvOT9YcPrrnLy/OsmTrCya8lK+ipxi/ux1s5NKqzzhk6JLxvZ8uvhY5+trIqm3W/1gtWImvfSCk3WYXzOn2y73Xk9jx+yWwMR25ai+pw2syoDt/2mwXcDGOl+3YDZ2Gxha0LT0nLWD3KjFrTT/kuns2u3yBDz1h2PL4Z6VJ3lczhmjNdIj58ydoWLpCv9ugh/6w30RASuGWtVKPFHwipmrVKuM2DtDmpOjph7xSBFA0UtgdXat0uccZahbBq+POl3pa04kf5sBGntIOOeTs/JLG5LmuqK5XKe4yQXlmmeezuKIj2XPQNuImE16OpTdMes9yUYcIDuiNDrdcVJuKiHfBUjmhmkNLwr/od71I68KzoJ6r68QafP5USxzZLVHq0eanEH6uoxjZ46tb8r2Ao9L6XI8L39Ry+NCjjAyKYIAA/umalAJ//QKPOXsr3Fv//FBQ3MRwE/VEv06C10ptyYeznf/8UVCgLAhRruV2b/2dy5MhXjGxCb3Gm5+c3Uu3e4kbWCZfxwIBFNzRi6Uj5tNcM0fQ/Hs6MdZZpQw1+eljteUNu5MA89s6u+k3YMF0doXEDcyuMAMxkHX443apj/D4QgHkuF1spuDlQ3C/y0nIHdWO1f2KyufUfpFVsc6O6vVKCFWIZ5NCz1z1axzuHLJvlaUvpKgUvuov/sTkPZbUETKik7buo/+gCrO0haBLxfKk5ar1KJLBn1oLjhJ8XTRpgIhBs6gTU2ZUSPJXMqUp7Em2/x/AEpC/0nH3KvGdM5+zKR0dr4SGKgfA/m2FZH6QNklqfEen9JKbyAK5O1Xhp5X3yymvUksApfYunlSEMIrUD/D1OhEvAPi0XSmXxtuTkzON4KGjcv0n/vR3A9i+ynMPSgG6ctVV6qKPVa5QIETy0VouZjEq0yOB7tNmyWVc3vuNG0kWyhzOQ3we8f0V3dAhigejGRWvp++K+CatcxgCXaBy57n/rTVTs61nuid7ff7RNHG53N+PyNQA3ennlXz5/JU/A4Yif2h5HaaLAznu9eBBlsQjmfGnQhXlDf/ZIir/UMHwfVExrWcByC1Hk4oiesjNyTrhQmLnuw9Bt4uVdIWvm1NwoOn06hZ9Z0JqEs+l2NuTGnxf0nr2so2J6Xaq601EjU1EPHeUEKwN1DwJpSDQ1+twwnjEsA6uJp/glg7c8U5FYQ9Jf+Lbrdu6RGNI6qK29dnp5gEQ7HtYYwwptRbJ0btWF8e75Z/21FtJZ8pYZoHdCXpvolCwz6abgagoku8zPQnMl+jT6A3gPS9PVc3bx5dif/dvMtw51F1JHGGextMnw4IggpJPsTXq1Yz3dTz3NJeDekdgGRgjyfQ41NTEkzvxiy0c5dAgmHzFGb4NOY/FCyQ265giaDxobTuj1FbZ4C3Iz4+XRb5aPDisuvbWMOfQD67w/TYmLeMsW+ukZPGsi7cYePiNhZAczF/qCAN7pgWHKoJyF0H0W4rRvUCg6UpZ6U5HO6qHcmXtlXS3YeXXhOCww7AoHH6odIp8Ve9Kzn1r3uQQDfAHfynUhtekxkDsUvYUJc1NJmLQ3NX+GOJf+e/VepSOrSytiBItQsvLIKn881c342jEHnaaOQWJvKAXQVowwA5EDpJzMYDd1OwDybp6mi9SQFsThh7qAt7C0M2out+c1pSyofLAbuHEr5GhedZiXPRJhGqyVrUkdy6dVw9cMRgZZqSPajLI2sIiR7qIw2RUv/LOzTp5WwmGaknjzK69Kp+0yo9AJyb/oo2N7qW6zTqGeHuybX+fZ1amD6Sqhab4SlneVOVLv9ujTp9r1bF32CjuwrEpHQCaUpaiLoxZHNCJ/FQjfhiDptOSzeqEv0x+yluljT+AzH28z9NBjxaia4CY3QxCu9F2T+A60fUh54gLVE4I9Jl3Dcqm+zmQHPE6wGX3XIMnJV/whJVpeiZBKimaujXzNpi1XamqiQI0ZU3wsGfdeWhZqGg24Jg0PeR8oUQ0ahH9kx48+QwvBNigBXUiMmlwBom33wGPw7Wp8ojEEOUAPhmUYeakYxZCIyNQ94rg5xpH5VQ6Vl7DuYQMYibzlS1F1OI/bqUA9l6I9EQa6lilOOoDK/KtBw4N/Seu0w7aZ60MyEMefA5X7aNnwpDnEkVWiDeWyYPaw1CGE5FYuVoG81lc9SiuDpRXzMbn5ui8C+icq0ywdWJH8//fk+N6eL3aoVU0VVu8d7Y2bo5Z/ABibIOGRZ8ctnBHn+PrzDXK+EO0WT8puHr7X67FFLOqwvVlYkqA8wfuWcJSzOMNrEgPRPS/szz+RBddB4LwVdxUTYvJoxuA2wtteVkGm5TV1bDF/TTityBr2GSV87Pjjf4BlS7xGHZjCASkTnlZBmjz47Uhbzzq3gIclcAD/+vOR15GX9cF6M75r8pvW8grkDzonN9L8+b/8ug+breDvSeYC7ZYP6PVKIrRb9aR4H84Hf0Zd4lmLAQd0Ygqa5JYo2VNtlWGUPs+PyyJv05eGqgU8GCLiO7IFvQqHFA6o9oPTbz+F5oIl2BwZCWxCDR75NMAXiJeSM8N8WEKIatwvFWLsVrtOuRPgCNhgFBLtFRPtCm+sB0p9+oM07XNl5cHKZmB9d3Tc2Molz77DdLJFe88DOQxqUyxo3+eSueJmKKokaXL5aLWUQDVmHBMv0/7ala/7gUB71JourfnjRxTj5mUcOjA8eXK9xuODcqzP43i2d95t8CV7JXBescD/khllf0HKa7X0hM7sv1a4y/l/Pt76fEWk/6CQMUGmEXSr05keH2Gkw/DtH8dM3AJ5E+IXOzf0TocjO9qHjPmH0tGiEYfYAykOgSmDeAxfYCrJ15BQlQJhkdcMudsvvPnSFR0KhV7ZdnpGq2kJ+vZj3ZlWtNReBqTEpLuoKLrAWngrQF94yVlu6L3P3MMctRvxMiDzTPnJzjF/59lKeUsYum+GYQLIKwZcyOz3fQSXCSpB1sJGpL4yy8mW6wHZx9c87RRMkztFczw8+f2+K/CroX21Si9c9PMieanlx+Zx5YY59c9kHiAtYd8aBrYMWCPtl1mg1SxB1KVXCcSzHypwN3Mx1FhxHLD/BOgXKO+GECCGr33Lf0W1FZlo4Kucv2tn40UJzZkOzJ6oCoWANW6+7wWIvEsfX9fyXL5f5Lja+2oMbqplcxPYMV95q9VsW2WA+VMotyaVLs0+insaWadil6n85lC3QtS8isHHMQ/ugIV0yNHMb4+F16jl4mXS6LrHut+D9GHIUo0g31524/DR/szYqHqVIqlJrsvJU8uuPfDLGiNtpfP0dqwozcoPGE9/ruwW8TLscJ8PjS2MIC37BE8DB++yKhXimb6yiRpfBFWdxEyaFH2ZpU83cUt8s3xYLPojx9YQfCP+13jA0q5vZ+6VmteZnkMLWjeF8oYCGuTz9ttCvL+NG+BX1PVE4lznR4fSvK0I6Yv2C7S4n+xIGkuXDe7yESeBNgKQ7DsjzNWQU3e/jjWqh564rPwaKs3gNjNSmBog7Apfr0FRsl+dcrAwaXjNAwu6qVeFgwF4hwFnCBLbK9HLkvd4ki8ymDrOhgXMO9FjXU4OOwdn3s/lKGOE8mgOrI6hw4if4YgCyeUWj6yGyTqPGkXihk9nEUFtbuhjN7/clBJnTXrTJdc2p//ArobTkf8Ppk43T2FKHQYmoEm/FM4u0t0Otr+bmyOlfFCUrM6NSsQRKXHLH5Py0xV5FZuJT/QJYH+BU1Ua2M/+AQUGtjMagoER50+32ecqQsCfd2fiZWhJ2g6RNBwmZFPBTJn4y5bBEXEnNFfEOlwoN8/Mk1ZjMMxGrEPFw4Q2Hs05Zo34aQU4lrPW9SmSUH0QytXeyKKWeBBYfQYuq+ftGE5IeVnt7gbU8044pLUZUP4Tsc+Z8JbYb2jahda980Ctwp8U8hyCNoNquGSFwyqIM1RDX9N555eSUNFOa+MjEYkJSPqs8WwCOdprJhfkz1iQxdH8/mTKonsG9DixmB/g+QtUpnuboRzJGTosKucil2RwP276IduW1h3OMAcnYbme4+v2KUPeaOnXW5acKG+eY4uA5Fj7xTQkVRsaO88r2/PV5B6Qvcec9rsIfYb0YMwM2hATlw0dSUVeyR91HCol7Vh57DKwO5HXH9Ju+eVjmNgc+tHuZk/0F2sIz0rFsn85w9NzunAV7MQ/10IXBcoSwLrJlyC5QBctE778sdmKsvj0Uthz3m0hVBkL9U93W4VZscqDVArUkyi4FzNPfkQJjlNXHvhCw2pbvPLIyhXlHkBeYHsWyJ4S4mJwUG4sJYg68d5AiRg9PSdTAfi2+76kq2NQX0u19d/0auJ5LSamOm6WsU0ZXzGJNujvEViAYrRBw9EF3G6CM81aTJXYbNBBPiDDJjzTdqYrVpX4C9PiunCQWNsPAb4rnK/zBnkZ//tQEt/hzDyVGW9rjLHy0k/bngnSOBmQY5i5/hhoBVXhJ60RwBNCSxsIg62OqzdIbPVax/lHzrFwgyy9MzKwQtlbe8qC4wYu8XjLK+BD4wsHdli/v9xxl2TwTm4vO6ZxMyfzfaLbo9mDyAk3Demv3pJEK6yFdX8P1vlMi0p7pKt8yHlSifpXxnTNQLVrztGbXKlVJGW50AEU5T8ygkQ2OXYsuNd4UDycsKl42RAzGuLlydX0fIooBwePqFd0BLel6eNGeKyVDwO5s2mfqb+maahYk6+Prm8crzCZxY4LpE5q6sXQVSeEPKFt10nAN2wl5NVz2tzyVY5TKBZTBWTl7kx+nTxHeMD0/EcJKmZTqBjYMypJKCsgvP1viuJFsvqiCXGj1UV5TJKWbt5mY8+h2MvPONqwk87L9o14AZrHHTBcdNRxTgQTCInmOnn19gDLqOJZo2SD8pbq/5L1zjxIWzDYosnupDslzhr/zUWSpNh2hNGohZWjBNxH0ad9K+btDhPdAxu8iOQ2rlT0g3V+0ewN1kD8OxCtZwg3tet2BLTRaxlgLYu/bHAvr6fLcWMtLL06cBMJZyxhuTKUJRNOW3djyKrw3MQr2IHSMymNftq75KP2xDvh1BatFqILQoeX7tCFz+iFwLeD/NQR/Koxuhnt7/9Reapmi9ycI+6SKY1oyDWVYeY4Os5RDOrQ605dvLQD4XGgt73Pcya34/j1HGnmacV+32Vp2juOApFjVWbm1js1n+ieMgT/eWSz37lV7/8uRc8kzvqjHqD7+FcJV8NiASc3WT3Mxe7g6LHaBPijSwy2j7pSaCwRR4XZXe0OwYWbfXaO5MhJ4s/kCM9rr8yx6ky+38GYH9L0oVWPz3xlneCArg7I2jf5Y4qIhYTzzzAKyNXWAEBQOgDtV114zLbf/AI/9G0ZKq2O/u0FhDBXfNQ0c754l6ayxNUIWxyqZvUPS9oC8x2eZqR7BDlVyndNU+xyYM2ND/1CfZ1UJJ/jkVPCzCGYZkw+tlRAuTwO+TG+QeBsKllYjjK4Tmoyq/dnxQM6MoNGupsWOplzgzLR6ewQAznKPzE0CAu+nOqZxMW5pmOlO8etqcWfpS73MHNSK0tp1Quyal5M2SrHvep2En9EegXv9uWJX9+N/Q8kDNf4m5ZtmLkIlsxpIZAsBsOxZId5gXIfQ8Nv3Kt9gvFIXqQapzxPYKAz3wrv8wcRbXSQhN3lBECYF8gdF9VMFW4HwdqnAmcib6J8Gxz3fF3TFKTlh+zE/4g3MD8FIFfngwUvBiHHT0P3lym/E7LZF3UXHRj8bNr8FnGifR4BYKDvEeuE/N6lIZyNGcWgWJFM/yRvDekGfJ96o8UE568M1rlEuGNDoRPtjrZ3L/iJTdfVDbDay2vz99Cf4UBqF8cO7C/PW4i1Yc/DbhN/pn4tmIF8ItkxQzLTHt2LhYT548D3pU3oaWsKLu7xv6Gu5PwDS/1QYFvGpgMaj4PMtJE1g4U7YmQPRYskbjkP0CSmguzLUcJydeecL8nveUWlrJ0Oxk2KBuRCwClnQcyyaiLKTQv7ptUcQstVerp7JvRoNMyfQzwFnt5+eXFy3BVYudT/6Pd+uCU63PFcHYuChxmk8fFvekftOgEHNkuv+9IHT4jwVA1OPbCmzrQykSV9At8gRIz4ZkN6PuDGRs4eE6DSdBYTVGPgoWYhxbaku/ML7UhPLbWQfqtcq3ault22j2mJP22p0I2LNphWUKGYh2nxg9ImcWw9b87IDkcd6o2012uw463p6U9RPY5a+Ve+fkZLwfx15FuC2HqYUNpFdygCoJJhp+k2+kkJkXdMtxNqF+0F6ornYxGXWMxFuo7ZwuS2DIYGBO3GCt7xN94tp1IURfcn40rhItW73uPgVpJoTxuuu8tsqYGLceT7e9uabMeWFma79Wiao0PToxaXhoOy+b5/qh/HiYWpxKF7Wd37KaU3fwy7B1HJZcU3PH8dMcQ0UdfQj9J27Y3/uZKD7vlbbATmn0qTo01fPFiE0HmPG5g9WhLC6zXb2H6BSDfxornaLRrClFlNin72kv3EvL1ofDJKiDwad6cZIOXXWKqU7GtRKZU6UCQJmUjPmuaUav3mYvwqd69B0fgd7jzaP0fG+SdgsoPM1cYtaxrV1VLu/L0pre4qY1fpdaEg8lCcB7uDLhfRuFD4/5ldRSpRfbdvOWTqpzLsnJadj96iX2kjOUVjmTcOfkXqKvd4/DOmrqwpd8aubpbHjrllyPYDBHawq951vzHucZSEtS1LcfqvTHGWDvH3sJPHZzBL0ZiRlyM586MA+RPh3oWz9cAPs/aT4hLSNi7VHzNUx6EIHhK6UiorxxwMl7opQpMHj3e1kng5Pho2JBGXc7FytYBeCkjHzeTFq2uhfqLq6dxxrDq8/koMbV0+DMHAvwVndztaHbyY3MivA8SBXoNFfeNe1ynaSdLpr3SpuJ6jC66MbbWS9AQFvyzPleUfMjAbSAF2IUB6H0ef1w5FThC/NF6J7GDi5fLSfSiko2+aokn7dp6RxZGQzKmm8S47Xvg9DXY4NOnMQuNltELdtwkOSbRg2Ka5XaiEPnlLUfSO6oXZvgdPwhdZuNTHFYTqAU8Bo3Ji2yS3iGkew3jJAHPtMnG3HhwB7hQeO/THpDbEMFytPNQUz2QWKxZay/PAfbn5cTkIorf4a/i62FUyp70T3Xi6kgT6foG8iOh4hn9QTAAlCJttDAXJD1MNAboQXYpAMDxGwRebr6amPwD4FppENOAZH8q5UsD7Qg3ovEGS+U+2LFxqOx+assdGKkJEkiXqnhBVl1exc0Oagj/2bbaQAaTCii3/nEIfhPf5kx9gxKBZbIxGYx/s8VR8Y4xAeufNijUmPudMng0AI/SoV3jj8mvB8i9ZMm5zoBR2+ADF1uUEMa8Upnc0koKszz0aeAAbUy98EEdUcerLw3GVNmb8wlSUUgLMuTMLMuGF56rEDvZ05xxfnVCDPBLgChr4Q5Qt0U2+rN2+Y/70C8OKiFxTUbn6l3r7RjvSgL2cPArV+M1wTbvG+unCL9CfhbBv319pVwntXGlHdYfNxkDv4K9A95/jKV52mpkSIaf6iQw959ygf7dRoTe9BAd/9CvnAaQbujFPipDyQX3b6Vk1Xeo8mZk/J18QHgoI9+kQ4garINWAYcxA4T7YiFYffVaNHZk054MyLnhvP3z/WjCdtA/+fs+PPmp/0oyVguD0O3DNWJaX0Wjxa3QCGjAuEI9pd8LVYAU9QHoleg5k7B8Hc/oIwq16FxMtAArfnMKkarbHf9reNzdJUQiHve3EQE2HeeB7QGWAH/cN4Nw2G15KKpnv7bFA36kr0Z8YGkIeEt/8CuS8J6wZeUSDRqP4ryK/yrfFrB+I/JC5VcB58cCUNp4nnux2n+TzmvC7NHf0XQXPHCsFfrPbfD/FE7Cl6kO4lbpvqDndm599Nu2XjPR6okqE0fm4bzaxUpp0XZMotW/pXKrupL16uq+rvYPCg3sQGqWAJ3WsyiTHbvDs8ug4AAAE7z5uIkk6khedahxoQLMdT8gaaWGTtkyKUBJPiX8nW+asmFg8Ztx2XNOnyNkstfzR54dMKocI9tO6SmyuPRm3ALprhDMOw6MQU7w1UHBvKQNcLfnnOvkkjjaBkiYwSHhI7YpES1K4oL7wSmNXk7uruwGvMG6uW9jE7cdVlXmgg/sPKB+l/2dvMaSsJUlTaHWPhjTFBmnvvVHvw3JgnZzMBmKsuTfcxqY4Gg/XrvxHe/HE65lsOj13hGEy8rZWJhLz5QqjgPI1SxW86K4dHEI8BEGBvMzOPhL1r2h6FM9k0N54Sa77txZ7adHZTI9f3PgizJRsnkdpszBWBdR22X+RSCI+O5Cz8AH/ZE9GAo3tEa6JOQbbk4ynFOT2XIUvAiLx+ZP4PjaN011a/ZXN3Z1rYrcJb4Z/9/qLREcpOrJH0kXagNTjN0W9gJgRrdFI0kXagNPr6yYFjjBwCv23EmhIgBQ3/JpUeMD8m2rRi0bQl7aAcbcnfnOcEuwA72cSpbeQVDfl1T70eQ5hBn7X+WrRqev48HsMrCGWcGVugh3y+L2IYVRzOKJilxgBu7AI+lOaQb70wDXMjvWSuhZwQ6Cd+uPahclrmuC0Aii1QV5Y0ddWmojkKNHoBiD7N+CRCh8+J+kkbbxDxhsAQoe4VYbalPGBEiwEHU1/c02NPBDOHluj9XE0X2/7XSSBJxV2SWGVlODCS4SLIzswsVXY6jxt3uW9JcHQAIaWWyeOwOXOGCHifCCxSc3xYGYxmagyp5Fjqs4TxoKI8uu2Ctz9c6zj+O5qCsSk00ctbcpnrrut215Z3LBdKqB9cpnjo6TTjkP0XUV6n3eKTKKt+R+BdnlNoN309mrHo8O1yZXeBQI2uG/RMbufc+/CQfwnOCPyHEALQnABPPf9xFB0awYYYslnliD8dBT64YUZ268QII5LT3akk+FMtVC2hMZhcK+pNcmI3gUlhg3THPnFPqzBivI6mNKhcG3fT/wwlEecLPEoy/nTE+DiHMiOZCLw2Q2wbjWwY3WqXo8Ab/+GGB1AJ6Rel0UjK8w3iWmqApKOCV2ZKJoXjpO0gdTEFRWRW7Fb9+CqPDQj6PkDS5s1RESNUQv5y7WtHGbHSMkvjpkHYzNx7hOH5G9Bvemt139h7KneXPxsMkj2r0InJWrRPWqQzmMFC6ZqwFKCMEoG1QuTu+YTIpDt/edTl6r6uy9QJlLVKrQxcRYKZ97awshidEwjdCod6b1gwIAAAA=",STS,Ethics,2015,en,STS104,1
9780062018205,Predictably Irrational,The Hidden Forces That Shape Our Decisions,Dan Ariely,Harper Collins,http://books.google.com/books/content?id=ro7X8HRyuEIC&printsec=frontcover&img=1&zoom=1&source=gbs_api,STS,Economics,2009,en,STS105,1
9781522778905,The Complete Privacy & Security Desk Reference,Volume I: Digital,"Michael Bazzell, Justin Carroll",Createspace Independent Publishing Platform,https://m.media-amazon.com/images/I/61KtWXgbFeL._AC_UL872_FMwebp_QL65_.jpg,STS,Security,2016,en,STS106,1
9781720869337,The Complete Privacy & Security Desk Reference,Volume II: Digital,"Michael Bazzell, Justin Carroll",Createspace Independent Publishing Platform,https://m.media-amazon.com/images/I/51fv1NFXKCL._AC_UL872_FMwebp_QL65_.jpg,STS,Security,2016,en,STS107,1
9780674737501,The Known Citizen,A History of Privacy in Modern America,Sarah E. Igo,Harvard University Press,http://books.google.com/books/content?id=CrNyDwAAQBAJ&printsec=frontcover&img=1&zoom=1&source=gbs_api,STS,History,2018,en,STS108,1
9781847925398,Ten Arguments For Deleting Your Social Media Accounts Right Now,,Jaron Lanier,Penguin Random House,http://books.google.com/books/content?id=rmlFDwAAQBAJ&printsec=frontcover&img=1&zoom=1&edge=curl&source=gbs_api,STS,Self-Help,2018,en,STS109,1
9781580911863,Sister Outsider,,Audre Lorde,Crossing Press Berkeley,https://m.media-amazon.com/images/I/71jFMZoAgdL._AC_UY436_FMwebp_QL65_.jpg,STS,Women's Studies,2007,en,STS110,1
9780099590088,Sapiens,A Brief History of Humankind,Yuval Noah Harari,Penguine Random House UK,https://m.media-amazon.com/images/I/61THqsHISiL._AC_UY436_FMwebp_QL65_.jpg,STS,Social Science,2011,en,STS111,1
9781473545373,Homo Deus - A Brief History of Tomorrow,,Yuval Noah Harari,Random House,http://books.google.com/books/content?id=dWYyCwAAQBAJ&printsec=frontcover&img=1&zoom=1&edge=curl&source=gbs_api,STS,Social Science,2016,en,STS112,1
9781787330870,21 Lessons for the 21st Century,,Yuval Noah Harari,Random House,http://books.google.com/books/content?id=ar44DwAAQBAJ&printsec=frontcover&img=1&zoom=1&edge=curl&source=gbs_api,STS,History,2018,en,STS113,1
9780262527132,How to Write a Thesis,,"Umberto Eco, Caterina Mongiat Farina, Geoff Farina, Francesco Erspamer",MIT Press,http://books.google.com/books/content?id=u3j3BgAAQBAJ&printsec=frontcover&img=1&zoom=1&edge=curl&source=gbs_api,STS,Education,2015,en,STS114,1
9780674035072,Understanding Privacy,,Daniel J. Solove,Harvard University Press,http://books.google.com/books/content?id=XU5-AAAAMAAJ&printsec=frontcover&img=1&zoom=1&source=gbs_api,STS,Law,2008,en,STS115,1
9780061339202,Flow - the psychology of optimal experience,,Mihaly Csikszentmihalyi,Harper Perennial,https://m.media-amazon.com/images/I/61pyXLUkB4L._AC_UL872_FMwebp_QL65_.jpg,STS,Motivation,2008,en,STS116,1
9780008115272,We should all be Feminists,,Chimamanda Ngozi Adichie,Fourth Estate,https://m.media-amazon.com/images/I/91c21vVcrjL._AC_UY436_FMwebp_QL65_.jpg,STS,Women's Studies,2014,en,STS117,1
9780674976009,Privacy’s Blueprint,The Battle to Control the Design of New Technologies,Woodrow Hartzog,Harvard University Press,"https://images-na.ssl-images-amazon.com/images/I/51hP6UPkeKL._SX329_BO1,204,203,200_.jpg",STS,Computers,2018,en,STS118,1
9780571334653,Normal People,,Sally Rooney,Farber & Farber,"data:image/jpeg;base64,/9j/4AAQSkZJRgABAQAAAQABAAD/2wCEABYWGBQYFBwaFhwYHBocIiceGBwgLjg0JzAlNiwsIjYsJTAlIzIsMDouNjA+TkBJPjpnUERYLkRHelJ8ZoZaUnYBDhoYGiAiGh4eIiIeICciRTAgHlIyNDgiSRQ4Hic2Jyk4HCcuMhwpPClJFj4eFFQ6RzIjRScgHiM2JxowNFY2Ov/CABEIAQoApgMBIgACEQEDEQH/xAAaAAEAAwEBAQAAAAAAAAAAAAAAAQMEBQIG/9oACAEBAAAAAOjAAAFtUAAAseIAABNlaZ8WqrYqu8PFtXvytrt6FODfPO6Tl9qijN1+Tpz+La7LLuf0vPP3Tg3Vy9R4v591fkAAE21w9ePSExMJiZ8ra4t6XP0ud03P32cjp87ZdzF1cW6cO7zi6kc7fir6/Pv9c9dXEACUCVtcAALJ825rq4Bnjxdj6SdHmgtrgCjn8/39InS85l1cAov+ew/TaU2qS2uBU6WD5rr75To81T4trgz9Drs/ByZt9/qxvwRbXBjt7uTJdruxfN6d3pK2uCj5Vb1+js0eef8AN/TwLa4Hnm83H76fR98G36ELa4Aq5vMojofRAtrgAnK0gW1wAABbXBonNpo830aM2h4rLa4NU4+pVh3YOlzPXU5UltcGmKbfWbfks949OcW1wAABbXG3J52UVaPWTRVPq7HfNFtbq45o3czoeM+y3DfXk31Zra41+aN1GXdOHX48WesemiLa4AAAtrWeUxMxAnz6j1TdX5AAAuvAAAP/xAAaAQABBQEAAAAAAAAAAAAAAAAAAgMEBQYB/9oACAECEAAAAMmgAA7os7zgpIcNJQ2UQlxHesNXudTzoAc0udsG27KA0+/UaXOoABYaLOoF2djmJSoelzqF3MqHSyeMaTOo0s5SodJGZ0mdRZ38ppeepjS51ASrZNCGlzqH0J6LbTpc6ixbQrvIZpc6viHWxaDRZ6xYRMiO9jN6DPAHA6nR1KAOgF5//8QAGAEBAQEBAQAAAAAAAAAAAAAAAAMBAgT/2gAIAQMQAAAA9IAhcARrxu89Y3ZWANhbjXHbMrC2mawjbWSn6uHcLbkeO78Oo23zZmdW62Ntl5+e+fRZC2nEdvqFt50Zuwts9DtCwzWajbjXPWOtjYARoAJf/8QAKhAAAQMDAgUEAgMAAAAAAAAAAQACERAhMRIgAyIyQEETMFFSBHEjM0L/2gAIAQEAAQgC7QdqO1FbjMGJoATggjKgnBBGVBiVnGMqDE0gnFBRvUEb2R/rC8p5IsmGbFN6FhnMviQNKfmn+tKwUzqRyaCjeoInmkOILaS12Za3CBGhSC26cRpEEyQnwTZkTfWnx4blclB2o2Xrf271FW9QXNqTupM8o+pF0eUQA6bE2KZ0lXLTrT+kUZlHXFRVvUE4mbJnlFtqWeFAblN6SpJyiNQCIhMyi2o7UdhaVyqy5YoPYJiFIUk4m4atX8unZ5O0ezpYn6G41OiBw+sbPlXUGo9jU2nF61+mt0jZaSrbBun4DC669Mr03BGS9NAYL/qt5KuoKg0G0nwm8P7Ue7Q1ehyqPyGrWzyDPTJ8gg4oDYVG19hIb+R9w/hlO43DarnmLDBRde0ghcXhsLJR9ZiDg8IXE7RtcJaQv3QcT7CCKN+Ufk6gAhbl3DcYOTwh4LHio4rhn1R49VnlzpXDbJncPZIacnhfUtcM0YzVncPc0sK0MHsDtRtAm5IGQmtlGxo4RQCaNElaeaEbHYNrXRYkCJarwIf804mRRmDWbTtG0OtBJ8AZRcStXLFNaJkoGEXWpPLG0dqK6CsU0FEEZQaSiwigaSvMI2KAlaDQghaTE0FXCSnmSmZRys8O6f4TMo5Kb0leQ4O6kzyiG0bcaS43oKl1wQ4g4FlLDkunC1CIdqaOlAgNITTCNymmFyUaYK80Haitq2VlZWVlZWVpVlallZWoO1Hbf//EACYRAAICAgEEAgIDAQAAAAAAAAECAAMREgQQEzIzITEgIgVCUVP/2gAIAQIBAQgAZmy02abNNmmzTZps02abNAWOZxDmv5byaat8wAk4BUg4Oj4zACc4wcZgBOcAE4AnE9UHsEZ0YXSk/rYouP61qQ66qoofQWmO6Gt1SlkRQSAFuAliYJM4nqjeTTB6YmDjP4YPTieqN5NKXC1kmls3bS7Owzl91ZaCO6SLbA+uL0bJeJnsricT1RvJvzC5GYVjLricT1RvJuqlQQWqNTnUNxakS1ulcdGOCJxPVG8m6KjOQqrwR/fj8U1uWnMucnTomcR8nGMEffE9UbybpxAO1lcGfU2/1uLS8voNOMJaUJMJJnE9Ubybpx+V2sqU5NL/AEVmpgE5zguqjpxPVG8m/BL7U8U/kP8Apbz8girrxPVG8m6dp9doqM5wpBBwWUqSpKkBSRW5CkEEEgzieqN5N0Dp28NU6Irk2shcMt2hLOpKMlYlVmosHXieqN5NGqdfllrd/EqQSD2rMbRVZjhdTjaCpyNgFYgkFWXGeJ6ofIy10YWhVIasJLnUlcbIXFsqcBy0ssRq/gFTUolLYcZdizMTxPVG8mmhmpmpmhmpmv3NZoYRicT1RqPlp2J2J2J2J2J2J2J2J2Jx11TE/8QAIBEAAgICAQUBAAAAAAAAAAAAAAECERAxQQMSIDBRIf/aAAgBAwEBCAD1S3435S2cFaHwLnDwzgRLfrlvD2PQsPQkJj3iW/XLfi7R3ttYYniW82d/yUrRCK3hixLeZbzR3NEZWNYlvMoWODRZZZDWZb8XFMfT+Lp/cy3m0X4XmW8/tjQhWftsazLeLReLWbWZbwlo5EcUMSdnIxEt+uWyyyyyyyyyyxn/xAAuEAABAQUGBAYDAQAAAAAAAAABABARITAxAiBBcZHwQFBRgTJhkqHB0RIiYOH/2gAIAQEACT8C/jqSKi/VmKyE6BUWVVW4NDTzCk5zr5baeyqN0qLLXK6ysVbCcQhE0VKXRNAQD1DLgiLlcZ9d1UfO18BWhoh6N/CiU9/XD2ugoJ8jFen7b4jCyifz6qOW3oOO+itPz/z6QOYiPa4ZFRRDRWlHJV3DfVY733UV3X6lR3qoWhjP1W9h+q35alYI5BRtGDliYzIqCGjY7eqoRZQTwjqg3w8GEORUR4SnCh4VGQaGjj3X4zisJhbhdwuUvUaONN/u2jO3Mf/EACkQAQACAQMDAgYDAQAAAAAAAAEAETEQIVFBYXEggUCRobHR8DDB4fH/2gAIAQEAAT8hVtzLeWW8st5Zbyy3llvLLeWW8st5Zbyy3llvLLeWW8st5Zbyy3llvLLeWWuOX4NxM45fhM45YCtGYiUKlFhs4dMM25mHe+gaxZMErSuw25gKrcxFVsdOmcr0EVuZjZzpnHLoAF8CYjkgWDlqUA22iW3No7KcTIGd6jaCtY02A4bJuVysPswLQ5lnsRLDifan12mccsQI4lWbNiO940p9JKHWdLEvsmzujh0YK3MxbsKzhUoSq4mWHnrLUVfRjC7ttEbfXpnHL8JnHLrXB0pcCyuodN3G8RMiaUuBZuZE0p6jpu43lcHXOOXT6iLsnmytq99Le7a66OrIxr0sFhxPcdJ9qTprc3ibq/8AHXOOXT6iGrsayFnwfrptN6MLLY/uItqvWe96Rzi6AChUN1cVtfESl8q/XXOOX4TOOX+YyR3L5nujs2uJhvDxpnHL6zqa4Lg8z90/2DvHvWCWU/ZfWDta8XnnUyeZvs8xxRv9Gccvr6U7nE/5crha47ErVBc0p+eYfat1MnmF3V6/mVzN5vO5nXOOX1/9fT7JAVAWuCHVlZfjUyRyOrPP97+jOOX0tFKIzweX9TEvpvtfSbP0P+qi2/nVfTEXYXZX/ZtKFn+psQpLQnbUyTZ1BjYq87Edl0zjl9FVWTqTNHHdmwUA6H9264jge/8AkDh1icTPrb1W/wBIufOJs/On2nSPYf73/OKCxH6GX0gG8fEt5ZbyzaKnmW8umccvoaOZFReXv+DD9gPDs/WB3d+h+WJfVV047PdBjfumX5+bHSrYeHx38QsgLMdvlZtNpQdxP7g3VBmzj7IwX6mcN9Tm4qMLB9OccvoYzLj7zcaFPDoPaXbeweHJ8vlHYEea43+UNJt1dk+Wztkg36jYHV9sBwEJivyhx733izbQ8B+/KVoN6vPt4j6c45fSAonlE5vY4nIjnRaYnHPfz1HeFd3K0Hz49szYu+vTb/GW1APx35iH12eX1Zxy/wAGFnv1n4D8pmauemqbtn3eJtVGwYPVnHL/ABuYfbb7QwD77/f+DOOX4TOOX0VrKgxQR0oqtcQWHGlsLvSut1WgVLXEE9vLCUDdZfRnHL6KFFzxlohI2jvDj2MMk2eD0fc3MkQVm6V6c45fRVALSioVBzXSIWX2TdaX30pxm4VXab/a7gKKl9dG4rjr6c45fhM45dO/CKp02t0O0d+h033BywK9vDQlStoC9B7wbD0j3qtogLZtoaLSPEovSuh10zjlhk8yjdldIGx2Mz9jaNXfR2mXq50aAMRtjpUqEYubU4lD7pM0z8IEUa8aIf2JdTp92mccs6kJuYbuw9YlWTOCMqUK0CUL7yjs0cF24l/fLMYqYhtvrFq0r6aFe8R3Ty6Zxy/CZxywq98dZUKOZtWbZVj9/raYO+/TxOvfpt5lbd+m/mdFsHKYZ36T/RHhOuCq3zf0lXztf0mGd+JV3fptpnHL8JnKOCUcEo4JRwSjglHBKOCUcEo4JRwSjglHBKOCUcEo4JRwSjglHBKOCUcE2n//xAApEAEAAgECBQQCAwEBAAAAAAABABExIXEQQVGRoSBhgbFAwTDw8dHh/9oACAEBAAE/EMgyfxEREREREREREREadq6Tyn8MBpOky7Tyn8O1mXaeUwAFrBLwFkGJlDhANo9TQmvKHyOF8PUmVw4eDeEzg6VmCVw5lcBdTo5GOFSOZWn7iKQoNJwy7Tymed+mY90K3PpiaqkBO85VgJ3Yjp+qD6eWF7Iwe6Ellmm2RhSC4g4M/rHGpH7xcx7ftiG5VSo6A5f12j9TUbRVf3zynDLtPKYiNBtZasArZOYwxmBecmuTRMMoRSW4u67s3zArArpCi2bTlLPlPhFLSUvfmy0g0FnzEJWFSro7+CILqo25BYtixK9Twy7Tyn8TLtPKeALoWvIIkW9t4HgARIsZzU4AlFXtPLwcDwgInkA4I6gHCnAMB2SotMMtccu08p4aJggLdfuphG2d0dHxjGT0Um0p6HMfKxkdgtzmvZCcnzNfeoNGpB4CEdvrh/S94y4ycWXaeU8KamITqKmOCAshiN6I4GhIkr2wAfQiZ0rjBrAK9kJoTpHE0jGfW5CINi7Cv2xh6bt4FdzX7a4su08p9VH8FHGjjl2nlP8ANqDqgwEbAIA6Q0auvl0mqze8BfD+Tnwy7Tyn1v0C00dUcx+FB9w1uDkInDVXoR6KaA2dV0ADaOMddDpyOPhJZoKNXdULGBbAtkNLM0noy7Tyn1tKATK1OzFc/EIEC+NAYJNM1Ojn7y2jBXj4SB6c8vWLLGjJptznTStavMWR6jjl2nlPqwW0BlZr1rbIagmo4Sal7HE6PoI2sf4/i8oiAm9H41t+IXyi86vQhy0tXpxy7Tyn01jGu7Xv/UNWV4PR/wBr3reVUdro7B8I0G+5+a+M31VSpTppoNCokdP3L2ugvdBITxx8oiVKCUm+TSWlG27p/wCT/GZ/hvDLtPKfRcNN3D5jeAQ7DeuNusvDhrut/cv9ZMr18Hu65yseUgb6fb+cV3c+zGe13xaBjNfzNx8xZhzNvuf6jP8AUYgqwYXu+2k1X7Hhl2nlPo0ip3xgH9rjfskV8UuQT/1yHUBQOQaDvdYDmuFXr6D3AD3UMuVh1DNAFQdG6RboCqrXmrFUVVmfTxS1mBrrdpCh8lh+QzfAlVizhuX6cu08p9GFeHeMIph5CmbY6ZOzBEUWa2fsc95X3qGooKGdbaSkEat+EXOqB85oNBuBoOTRh1U1aqKt3crXQ5ByegiGlNW4d6E6mpB3cN4Dq6B+2LFYhfRfZ9pl6cu08p9NKNyp9OSa07uRnvlUsYKFNmHn8I2SrKAnv0PXaxYkfmI64u7BFQ5qP7L1iJaDRp0YEw9dLT4JH05dp5T6xSZ9vh3GsPL/AN+SYMdHXuJozQj5eXf2wUAgqLAerLtPKf4hSPXc62g1bXraCrn15dp5T+Jl2nlPoFaNBejYOfxwtQI1ozFR1tmGqHVCEZql3wNZ9GEv1dXDbHVsRa7F7noy7Tyn0A6kdZ3enLppwV4A17vdh2X9tSeQfcILhAv0P0wSoKCUljHNQw9OXaeU+gGJCvDIGSiuLiBVUYvUSTRHojOs28uiC0AlYZlwWo4HVWH08u08p/Ey7TymGqHVCIZm9OmFqAKugEFstA4GcGHgHSplQIGebgpZNFMNZCj0PvFZhckiAQpbcSqhtrgoWAYQRVqnBl2nlM8J9yvrTpzVcAgw+SAWcq9wS6bqA6EFRqGNjRM0OF1mgE7uvqHKrrJBggqjRy7r4l+v/OO5Pr/UaVdHFJnygKV7TR3S34Mu08phonRFlRZFawIeCWCc5y6kVkYIKhwM6ZiLAe3m/u9Wb6rlhianRtNAu4BkepLy7VVxFtoAqZvY2cX34a+6saRgWEThl2nlP4mXaeUwICrme0L9bHt0sPqIil80BENyzVHTN3NEvSrW+fRhVwSFr1sRLUSF/wBHwQs1Kbe3tgVdl4nLpWkCq1WKnvehddJV6Kjo6l57RNEWAK2UKr369iVzUru0cwVWRAfbmZg20i9mcSrW1XT2WEaAVFt3bhl2nlP4mXb8UEREREREREREREoYAn//xAAyEQABAwEFBQcEAgMAAAAAAAABAAIRURASITGRQXGhseEgIjJSYXKBE2LB8ELRA3PC/9oACAECAQk/ACc6+qcdU46px1TjqnHVOOqcdU46px1KqvNxlA4Z7kCSgQU0xWMIQJjPcgYrsnegTXcsTZUrz/8ASIDgCN7ZwKIa8xB9KSiHPEyfSkoi99KBj3d2+ioMPleEEXa7ZKcAXOx9gRF0OwOy6i0yayqlVPPsAxXZ2AbKlVPNEjv/ADl+ysJJ5FXstpBMTUIj6MfF2MRCwEGN0KcBmcyvDAxkUpmp25ECypVTz7cZotRBkSqlVPO0XhtCYXuOQutA3ktIcgJuHWNkyRZOfz4DVA8LKlVPOwSU+CnBzbvzKBaytTZ5qT/E7EPmCgQqlVPOwYzDjaAULp06J0tOsrGypVTzsbeaTPrKdBocD2DN0Y+4m2pVTz7DjFMxoUz5H9FAt+7p2KlVPOwCIn1u1jNCSs54rMLJ2SEgmB7lmLKlVPOxwd3e6I7wf7soRN44Abbu/JHOCfcnzJ8MHKKp8FoOEHOUYlvd/wBltSvMeaaQECUINE0x+N2aElDCYn7k0kVQkDNCJEjcqleb8oibwn1b6flODCHT6Eb0b11sF1Sv8gDY8P8ALdC7ogxvWDi+XN+6M0WSJwJM/ELwnB1LqrwVSvN+VGoUaojX9oiNd3980QiMDGaI1/fhEaqFUp22idw6p3DqncOqdw6p3DqncOqdw6p3DqncOqxxX//EABsRAAICAwEAAAAAAAAAAAAAAAFAMVAAEFEw/9oACAEDAQk/AGurSsc74jU0Jqw7/9k=",STS,Novel,2018,en,STS119,1
9781614275022,Cybernetics,Or Control and Communication in the Animal and the Machine,Norbert Wiener,MIT Press,https://m.media-amazon.com/images/I/61URclbgzTL._AC_UL872_FMwebp_QL65_.jpg,STS,Computers,2013,en,STS120,1
9780262527125,Great Principles of Computing,,"Peter J. Denning, Craig H. Martell, Vint Cerf",MIT Press,http://books.google.com/books/content?id=AjFkBgAAQBAJ&printsec=frontcover&img=1&zoom=1&edge=curl&source=gbs_api,STS,Computers,2015,en,STS121,1
9781473674981,Co-Active Coaching,The Proven Framework for Transformative Conversations at Work and in Life,"Henry Kimsey-House, Karen Kimsey-House, Phillip Sandahl, Laura Whitworth",Nicholas Brealey Publishing,http://books.google.com/books/content?id=7z1QDwAAQBAJ&printsec=frontcover&img=1&zoom=1&edge=curl&source=gbs_api,STS,Management,2018,en,STS122,1
9781857884098,Coaching for Performance,The Principles and Practice of Coaching and Leadership,John Whitmore,Nicholas Brealey Publishing,http://books.google.com/books/content?id=Mf98DAAAQBAJ&printsec=frontcover&img=1&zoom=1&edge=curl&source=gbs_api,STS,Management,2017,en,STS123,1
9780262035682,The Handbook of Science and Technology Studies,,"Ulrike Felt, Rayvon Fouché, Clark A. Miller, Laurel Smith-Doerr",MIT Press,http://books.google.com/books/content?id=FfG7DQAAQBAJ&printsec=frontcover&img=1&zoom=1&edge=curl&source=gbs_api,STS,Science,2017,en,STS124,1
9781118547250,Philosophy of Technology,The technological contidion an anthology,Robert C. Scharff & Val Dusek,Wiley Blackwell,"https://images-na.ssl-images-amazon.com/images/I/51Hp5MklfuL._SX382_BO1,204,203,200_.jpg",STS,Philosophy/Technology,2014,en,STS125,1
9783658054069,Locating Publics,Forms of Social Order in an Electronic Music Scene,Florian Grote,Springer Science & Business Media,http://books.google.com/books/content?id=mN24BAAAQBAJ&printsec=frontcover&img=1&zoom=1&edge=curl&source=gbs_api,STS,Social Science,2014,en,STS126,1
9780822363194,Living a Feminist Life,,Sara Ahmed,Duke University Press,https://m.media-amazon.com/images/I/71H5qLW-N+L._AC_UY436_FMwebp_QL65_.jpg,STS,Women's Studies,2017,en,STS127,1
9780241339725,The master's tools will never dismantle the master's house,,Audre Lorde,Penguin Modern : 23,"https://images-na.ssl-images-amazon.com/images/I/41ecIosn2YL._SX344_BO1,204,203,200_.jpg",STS,Women's Studies,2018,en,STS128,1
9781492756566,Camera - A History of Photography from Daguerreotype to Digital,,Todd Gustavson,Sterling Signature,http://books.google.com/books/content?id=PAUErgEACAAJ&printsec=frontcover&img=1&zoom=1&source=gbs_api,STS,Photography,2009,en,STS129,1
9783813507836,Würde,Was uns stark macht - als Einzelne und als Gesellschaft,Gerald Hünter,Verlagsgruppe Random House,https://m.media-amazon.com/images/I/41eEyy5txmL._AC_UL872_FMwebp_QL65_.jpg,STS,History,2018,de,STS130,1
9781785357312,Hontology,Depressive Anthropology and the Shame of Life,Mark Payne,Zero Books,https://images-eu.ssl-images-amazon.com/images/I/41tUys4Q8aL.jpg,STS,Philosophy critics,2017,en,STS131,1
9783627002398,Die Sechs Freiheitsgrade,,Nicolas Dickner,Frankfurter Verlagsanstalt,https://m.media-amazon.com/images/I/61KkZRVEugL._AC_UL872_FMwebp_QL65_.jpg,STS,Literature,2017,de,STS132,1
9783981871135,Digital Fix - Fix Digital,Wie wir die digitale Welt von Grund auf erneuern können,"Mattias Schrader, Volker Martens",Next Factory Ottensen,https://m.media-amazon.com/images/I/71efSExu8fL._AC_UL872_FMwebp_QL65_.jpg,STS,3D,2018,de,STS133,1
9871108452991,Stand Out of Our Light,Freedom and resistance in the attention economy,James Williams,Cambridge University Press,"https://images-na.ssl-images-amazon.com/images/I/51p7xGmWRPL._SX330_BO1,204,203,200_.jpg",STS,Society and the Infosphere,2018,en,STS134,1
9781781256848,The Age of Surveillance Capitalism,The fight for a human future at the new frontier power,Shoshana Zuboff,Hachette Book Group,"https://images-na.ssl-images-amazon.com/images/I/41nfe-f7Q3L._SX324_BO1,204,203,200_.jpg",STS,Surveillance Capitalism,2019,en,STS135,1
9781848163102,Science Research Writing,For non-native speakers of English,Hilary Glasman-Deal,Imperial college press,"https://images-na.ssl-images-amazon.com/images/I/41e1FBHI9cL._SX331_BO1,204,203,200_.jpg",STS,Writing,2010,en,STS136,1
9780199970780,The Culture of Connectivity,A critical history of social media,Jose Van Dijck,Oxford University Press,"https://images-na.ssl-images-amazon.com/images/I/419rkEvFCCL._SX331_BO1,204,203,200_.jpg",STS,Social Media,2013,en,STS137,1
9781846944680,Combined and Uneven Apocalypse,,Evan Calder Williams,Zero Books,"https://images-na.ssl-images-amazon.com/images/I/51Ce1TtE2cL._SX321_BO1,204,203,200_.jpg",STS,"Media studies, Political science",2011,en,STS138,1
9783451383328,Homo Empathicus,"Von Sündenböcken, Populisten und der Rettung der Demokratie",Alexander Görlach,Herder,https://m.media-amazon.com/images/I/71y3vlkZMiL._AC_UY436_FMwebp_QL65_.jpg,STS,Business & Carrier,2019,de,STS139,1
9783030049560,Transhumanism - Engineering the Human Condition,"History, Philosophy, and Current Status",Roberto Manzocco,Springer Praxis Books,"https://images-na.ssl-images-amazon.com/images/I/41pYz2ShHtL._SX346_BO1,204,203,200_.jpg",STS,Artificial Intelligence/Philosophy,2019,en,STS140,1
9781568989976,GoatMan,How I Took a Holiday from Being Human,Thomas Thwaites,Princeton Architectural Press,"https://images-na.ssl-images-amazon.com/images/I/51aLemSqBvL._SX343_BO1,204,203,200_.jpg",STS,Psychology Humor,2016,en,STS141,1
9781444723250,On Writing,A Memoir of the Craft,Stephen King,Hodder & Stoughton,"https://images-na.ssl-images-amazon.com/images/I/518gE-88SLL._SX324_BO1,204,203,200_.jpg",STS,Biography/Writers,2000,en,STS142,1
9780195338218,Technology: A World History,,Daniel R. Headrick,Oxford University Press,https://images-eu.ssl-images-amazon.com/images/I/51YqOv2NR4L._SY346_.jpg,STS,History/Technology,2009,en,STS144,1
9780143118718,The Essential Urban Farmer,,"Novella Carpenter, Willow Rosenthal",Penguin Books,"https://images-na.ssl-images-amazon.com/images/I/51fg6XawPfL._SX402_BO1,204,203,200_.jpg",STS,Urban Farming,2011,en,STS145,1
9781783962433,Prisoners of Geography,Ten Maps That Tell You Everything You Need to Know about Global Politics,Tim Marshall,Elliott and Thompson Limited,"https://images-na.ssl-images-amazon.com/images/I/51oNREh6j6L._SX312_BO1,204,203,200_.jpg",STS,Human Geography,2016,en,STS146,1
385495323,The Code Book,The Science of Secrecy from Acient Egypt to Quantum Cryptography,Simon Singh,Anchor Books,"https://images-na.ssl-images-amazon.com/images/I/51CC3yLf5mL._SX324_BO1,204,203,200_.jpg",STS,Secrecy,1999,en,STS147,2
9782954644530,Exploring the Furure of Education,A Journey Through Europe's Education Innovations,"Svenia Busson, Sairica Rose",SMP,https://images-eu.ssl-images-amazon.com/images/I/41xrUEtpnCL.jpg,STS,Futuristic Education,2018,en,STS148,1
9783662555965,Key Aspects of German Employment and Labour Law,,"Jens Kirchner, Pascal R. Kremp,Michael Magotsch",Springer Verlag,"https://images-na.ssl-images-amazon.com/images/I/41hcYZA7ziL._SX331_BO1,204,203,200_.jpg",STS,German Law,2018,en,STS149,1
9780393634631,Technically Wrong,"Sexist Apps, Biased Algorithms and Other Threats of Toxic Tech",Sara Wachter-Boettcher,W.W. Norton & Company,"https://images-na.ssl-images-amazon.com/images/I/41LSjIPiyQL._SX331_BO1,204,203,200_.jpg",STS,Sexist Technology,2017,en,STS150,2
9780525558613,Human Compatible,Artificial Intelligence and the Problem of Control,Stuart Russell,Viking,https://m.media-amazon.com/images/I/81WSOFawK1L._AC_UY436_FMwebp_QL65_.jpg,STS,Artificial Intelligence,2019,en,STS151,1
9781626342583,The Switch,America's Global Energy Renaissance,Dan K. Eberhart,Greenleaf Book Group Press,https://images-eu.ssl-images-amazon.com/images/I/41xmkREC%2B4L._SY346_.jpg,STS,Energy Security,2015,en,STS152,1
9783642446566,Thinking in Complexity,"The Computatinonal Dynamics of Matter, Mind and Mankind",Klaus Mainzer,Springer Verlag,"https://images-na.ssl-images-amazon.com/images/I/41TM%2Bgs%2B7hL._SX331_BO1,204,203,200_.jpg",STS,Complex Systems,2007,en,STS153,1
9780470229057,The Annotated Turing,A Guided through Alan Alan Turing's Historic Paper on Computability and the Turing Machine,Charles Petzold,Wiley Publishing,"https://images-na.ssl-images-amazon.com/images/I/51cTEdUTqLL._SX331_BO1,204,203,200_.jpg",STS,Artificial Intelligence,2008,en,STS154,1
9783407255679,Positive Pädagogik,Sieben Wege zu Lernfreude und Schulglück,Olaf-Axel Burow,Beltz Verlag,https://images-eu.ssl-images-amazon.com/images/I/51IurgMePaL._SY346_.jpg,STS,Education/creativity,2011,de,STS155,1
9781948334006,Lerner Centered Innovation,"Spark Curiosity, Ignite Passion and Unleash Genius",Katie Martin,IMPress,"https://images-na.ssl-images-amazon.com/images/I/41QswQUa7AL._SX331_BO1,204,203,200_.jpg",STS,Innovation,2018,en,STS156,1
9783813506181,Wie Wir Schule Machen,Lernen wie es uns gefällt,"Alma de Zarate, Jamila Tressel, Lara-Luna Ehrenschneider",Random House GmbH,"https://images-na.ssl-images-amazon.com/images/I/51fuBaKo%2BTL._SX311_BO1,204,203,200_.jpg",STS,Bildung,2014,de,STS157,1
9783945852118,"Hello, Robot.",Design Between Human and Machine,Vitra Design Museum,MAK,"https://images-na.ssl-images-amazon.com/images/I/519PHR3fhDL._SY498_BO1,204,203,200_.jpg",STS,Exhibition Catalogue,2017,en,STS158,1
9789927101946,Learning {Re}imagined,How the Connected Society is Transforming Learning,Qatar Foundation,Bloomsbury Qatar Foundation Publishing,"https://images-na.ssl-images-amazon.com/images/I/51sjnWhi8xL._SY441_BO1,204,203,200_.jpg",STS,Education,2014,en,STS159,1
9781509868087,Bad Blood,Secrets and Lies in a Silicon Valley Startup,John Carreyrou,Picador,https://images-eu.ssl-images-amazon.com/images/I/41ToUKr%2BKpL.jpg,STS,Startups,2019,en,STS160,1
380815931,In the Beginning... Was the Command Line,,Neal Stephenson,Perennial,"https://images-na.ssl-images-amazon.com/images/I/51GpHlxx6cL._SX320_BO1,204,203,200_.jpg",STS,Operating Systems,1999,en,STS161,1
9781462538966,Self-Determination Theory,"Basics Psychological Needs in Motivation, Development, and Wellness",Richard M. Ryan & Edward L. Deci,The Guilford Press,https://m.media-amazon.com/images/I/917H4FDSE3L._AC_UY436_FMwebp_QL65_.jpg,STS,Psychology,2018,en,STS162,1
392790189x,Die Kollektive Intelligenz,Eine Anthropologie des Cyberspace,Pierre Lévy,Bollmann Kommunikation & Neue Medien,"https://images-na.ssl-images-amazon.com/images/I/71E6XJHGH9L._SX284_BO1,204,203,200_.gif",STS,Sociology/Computer Science,1997,de,STS163,1
9781784780456,Radical Technologies: Design of Everyday Life,,Adam Greenfield,Verso,https://m.media-amazon.com/images/I/81Ci1gAe7qL._AC_UY436_FMwebp_QL65_.jpg,STS,Radical Technologies,2017,en,STS164,1
9781788731003,Humankind,Solidarity with Nonhuman People,Timothy Morton,Verso,"https://images-na.ssl-images-amazon.com/images/I/51hOvmCUGTL._SX324_BO1,204,203,200_.jpg",STS,Philosophy,2017,en,STS165,1
9780745641584,The Posthuman,,Rosi Braidotti,Polity,"https://images-na.ssl-images-amazon.com/images/I/510djzt7zXL._SX310_BO1,204,203,200_.jpg",STS,Sociology,2013,en,STS166,1
9781784163068,Hello World,How to be Human in the Age of the Machine,Hannah Fry,Penguin Random House UK,"https://images-na.ssl-images-amazon.com/images/I/41gwivyNYaL._SX323_BO1,204,203,200_.jpg",STS,Data and algorithms,2018,en,STS167,1
9780745671567,Capitalism,Conversation in Critical Theory,Fraser & Jaeggi,Polity,"https://images-na.ssl-images-amazon.com/images/I/51PU%2BGAOBfL._SX326_BO1,204,203,200_.jpg",STS,Capitalism,2018,en,STS168,1
9780822339175,Meeting the Universe Halfway,Quantum Physics and the Entanglement of Matter and Meaning,Karen Barad,Duke University Press,"https://images-na.ssl-images-amazon.com/images/I/51c7q3z3UKL._SX333_BO1,204,203,200_.jpg",STS,Science studies/Feminist theory/Philosophy,2007,en,STS169,1
9780816689231,Hyperobjects,Philosophy and Ecology After the End of the World,Timothy Morton,University of Minnesota Press,"https://images-na.ssl-images-amazon.com/images/I/41UbkOAA5FL._SX331_BO1,204,203,200_.jpg",STS,Environmental Studies/Theory,2013,en,STS170,1
9780226039053,Steps to an Ecology of Mind,,Gregory Bateson,University of Chicago Press,"https://images-na.ssl-images-amazon.com/images/I/51Yp7vGFwVL._SX322_BO1,204,203,200_.jpg",STS,Psycology/Anthropology,2000,en,STS171,1
9780674948396,We Have Never Been Modern,,Bruno Latour,Harvard University Press,"https://images-na.ssl-images-amazon.com/images/I/2165D14334L._BO1,204,203,200_.jpg",STS,scientific method,1993,en,STS172,1
9780691178325,The Mushroom of the End of the World,On the Possibility of Life in Capitalist Ruins,Anna Lowenhaupt Tsing,Princeton University Press,"https://images-na.ssl-images-amazon.com/images/I/51doOKD41LL._SX329_BO1,204,203,200_.jpg",STS,Anthropology/Environmental Studies,2015,en,STS173,1
9781138303416,Modest_Witness@Second_Millenium.Femaleman©_Meets_OncoMouse™,Feminism and Technoscience Second Edition,Donna J. Haraway,Routledge,"https://images-na.ssl-images-amazon.com/images/I/51V843ymRcL._SX331_BO1,204,203,200_.jpg",STS,Cultural studies/Feminist studies/Science studies,2018,en,STS174,1
9780816648047,Postcapitalist Politics,,J.K. Gibson-Graham,University of Minnesota Press,https://m.media-amazon.com/images/I/313qhRqAD+L._AC_UY436_FMwebp_QL65_.jpg,STS,Geography/Politics/Economics/Women's studies,2006,en,STS175,1
9780816676071,Take Back the Economy,An Ethical Guide for Transforming Our Communities,J.K. Gibson-Graham,University of Minnesota Press,https://m.media-amazon.com/images/I/51WGwdY+1aL._AC_UY436_FMwebp_QL65_.jpg,STS,Geography/Political science,2013,en,STS176,1
9781250756541,Permanent Record,,Edward Snowden,Metropolitan Books,"https://images-na.ssl-images-amazon.com/images/I/51p%2BvSl%2B4qL._SX323_BO1,204,203,200_.jpg",STS,"Whistleblowing, Data Misuse",2019,en,STS177,1
9781138838345,Statistics in Plain English,,Timothy C. Urdan,Routledge,"https://images-na.ssl-images-amazon.com/images/I/51xvXvIY28L._SX385_BO1,204,203,200_.jpg",STS,Statistics,2017,en,STS178,1
9780816642106,Growing up Global,Economic Restructuring and Chinldren's Everyday lives,Cindi Katz,University of Minnesota Press,https://m.media-amazon.com/images/I/51S+pbRVZyL._AC_UL640_FMwebp_QL65_.jpg,STS,Anthropology/Geography,2004,en,STS179,1
9780241301111,Pedagogy of the Oppressed,,Paulo Freire,Modern Classics,"https://images-na.ssl-images-amazon.com/images/I/31uF%2BuWDFpL._SX324_BO1,204,203,200_.jpg",STS,Civil Rights/Philosophy,2017,en,STS180,1
9781612194196,DEBT,The First 5000 Years,David Graeber,Melville House Publishing,https://m.media-amazon.com/images/I/81E1geR07jL._AC_UY436_FMwebp_QL65_.jpg,STS,Economics/History,2014,en,STS181,1
9780674072350,Creating Capabilities,The Human Development Approach,Martha C. Nussbaum,The Belknap Press of Harvard University Press,"https://images-na.ssl-images-amazon.com/images/I/41nuuzeZB0L._SX369_BO1,204,203,200_.jpg",STS,Human Rights/Government,2011,en,STS182,1
9780226852935,Moralizing Technology,Understanding and Designing the Morality of Things,Peter-Paul Verbeek,The University of Chicago Press,https://m.media-amazon.com/images/I/51gEWTQpAcL._AC_UL640_FMwebp_QL65_.jpg,STS,Philosophy/Science,2011,en,STS183,1